artist,image,title,material,medium,date,location,address,zip,lat,lon,,,
Bob  Coffee,img/HeWasSad.JPG,And He Was Sad,"Bronze, On Stone Base (dims Are Sculpture Only)",Sculpture,1/1/07 0:00,Eastwoods Park,3001 Harris Park Ave,78705,30.29051,-97.731772,,,
Will  Larson,img/NA.jpg,¡ Mira !,"Copper, Aluminum, Neon",Mixed Media,1/1/00 0:00,Lorraine Grandma Camacho Activity Center,34 Robert Martinez Jr St,78702,30.185228,-97.732321,,,
"Sandra  Fiedorek,  David  Heymann",img/56.JPG,56- (Fifty-six Inches),Mixed Media,Mixed Media,1/1/96 0:00,Howson Branch Library,2500 Exposition Blvd,78703,30.298241,-97.767602,,,
"Holli  Brown,  Pascal  Simon",img/HolliBrown_Park.JPG,A Day in the Park,"Handmade Ceramic Tiles, Glass Tiles",Sculpture,1/1/13 0:00,Shipe Neighborhood Park,4400 Ave G,78751,30.307424,-97.727335,,,
Freddie  McCoo,img/NA.jpg,A River Runs Thru Us,Acrylic On Panel,Painting,1/1/04 0:00,George Washington Carver Branch Library,1161 Angelina St,78702,30.26954,-97.724074,,,
Sten Lex,img/Accordion16.JPG,Accordion 16,Exterior Latex On Concrete,Mixed Media,1/1/16 0:00,Seaholm Retaining Wall,211 Walter Seaholm Dr,78701,30.266835,-97.753227,,,
Pat  Oliphant,img/AngelinaEberly.JPG,Angelina Eberly,"Bronze, Granite",Sculpture,1/1/04 0:00,Congress Avenue Streetscape,612 Congress Ave,78701,30.268631,-97.742723,,,
"LaMa Ventures: Philip Lamb, Susan Magilow  ",img/NA.jpg,Aquifer,"Glass, Limestone, Aluminum",Mixed Media,1/1/14 0:00,Second Street District,W Second St,78701,30.263735,-97.741876,,,
Colin  McIntyre,img/NA.jpg,Arboreal Passage,"Steel, Bronze, Copper, Limestone, Wood",Mixed Media,1/1/11 0:00,Austin Nature and Science Center,301 Nature Center Dr,78746,30.272191,-97.773401,,,
"Emily  Little,  Shea  Little, Jana Swec, Steve Wiman",img/NA.jpg,ARFF! Tré Arenz Memorial,"Ceramic Tiles, Rocks, Cement, Paint",Mixed Media,1/1/06 0:00,Butler Hike and Bike Trail at Lady Bird Lake,621 W Cesar Chavez,78701,30.264662,-97.750122,,,
Judd Graham,img/Array1.JPG,Array #1,Mild Steel,Sculpture,1/1/17 0:00,Second Street Bridge and Extension,W 2nd Street Extension,78701,30.266444,-97.751882,,,
Judd Graham,img/Array2.JPG,Array #2,Mild Steel,Sculpture,1/1/17 0:00,Second Street Bridge and Extension,W 2nd Street Extension,78701,30.266432,-97.751859,,,
Judd Graham,img/Array3.JPG,Array #3,Mild Steel,Sculpture,1/1/17 0:00,Second Street Bridge and Extension,W 2nd Street Extension,78701,30.266426,-97.751833,,,
Judd Graham,img/Array4.JPG,Array #4,Mild Steel,Sculpture,1/1/17 0:00,Second Street Bridge and Extension,W 2nd Street Extension,78701,30.266293,-97.751694,,,
Judd Graham,img/Array5.JPG,Array #5,Mild Steel,Sculpture,1/1/17 0:00,Second Street Bridge and Extension,W 2nd Street Extension,78701,30.266288,-97.751668,,,
Judd Graham,img/Array6.JPG,Array #6,Mild Steel,Sculpture,1/1/17 0:00,Second Street Bridge and Extension,W 2nd Street Extension,78701,30.266384,-97.751343,,,
Judd Graham,img/Array7.JPG,Array #7,Mild Steel,Sculpture,1/1/17 0:00,Second Street Bridge and Extension,W 2nd Street Extension,78701,30.266364,-97.751308,,,
Judd Graham,img/Array8.JPG,Array #8,Mild Steel,Sculpture,1/1/17 0:00,Second Street Bridge and Extension,W 2nd Street Extension,78701,30.266444,-97.751182,,,
Judd Graham,img/Array9.JPG,Array #9,Mild Steel,Sculpture,1/1/17 0:00,Second Street Bridge and Extension,W 2nd Street Extension,78701,30.266346,-97.751239,,,
Elizabeth  Busch,img/NA.jpg,Aurora,Fiber Wall Hanging,Sculpture,1/1/88 0:00,Conley-Guerrero Senior Activity Center,808 Nile St,78702,30.265621,-97.711117,,,
Young-Min Kang,img/NA.jpg,Austin  Downtown Cruiser (Day),Laminated Digital Prints Adhered To Shaped Aluminum Composite Panels Attached To Wooden Framework,Print,1/1/09 0:00,Austin Bergstrom International Airport,3600 Presidential Blvd,78719,30.2021,-97.66808,,,
Young-Min Kang,img/NA.jpg,Austin Downtown Cruiser (Night),"Digital Prints On Shaped Aluminum Composite, Steel, Wood",Print,1/1/09 0:00,Austin Bergstrom International Airport,3600 Presidential Blvd,78719,30.20207,-97.66554,,,
Debra  Prather Samples,img/NA.jpg,Austin Music Flows,Mixed Media Collage And Paint On Fiberglass,Mixed Media,1/1/06 0:00,Austin Bergstrom International Airport,3600 Presidential Blvd,78719,30.20208,-97.66698,,,
Twyla  Arthur,img/NA.jpg,Autumn Ponds,Stone Tiles,Mosaic,1/1/02 0:00,Palmer Events Center,900 Barton Springs Rd,78704,30.260197,-97.753346,,,
Nan  Standish Blake,img/NA.jpg,Backyard Boat,Print On Fujicolor Crystal Archive Paper,Print,1/1/03 0:00,Health and Human Services Betty Dunkerley Campus,7201 Levander Loop,78702,30.253828,-97.689018,,,
Matthew  Fuller,img/NA.jpg,Beach Dogs,Selenium-toned Silver Gelatin Print,Print,1/1/96 0:00,Health and Human Services Betty Dunkerley Campus,7201 Levander Loop,78702,30.253828,-97.689018,,,
Ken  Little,img/BeltingItOut.JPG,Belting It Out,Bronze,Sculpture,1/1/14 0:00,Town Lake Boardwalk Trail,Town Lake Boardwalk Trail,78702,30.248412,-97.732405,,,
David  Santos,img/BigArch.JPG,Big Arch,Carved Limestone And Forged Iron Sculpture,Sculpture,1/1/92 0:00,Holly Street Power Plant,2400 Holly St,78702,30.249858,-97.721747,,,
Ann  Adams,img/NA.jpg,Big Chiller Blues,Glass Tiles,Mosaic,1/1/05 0:00,Austin Convention Center Parking Garage,601 E Fifth St,78701,30.265147,-97.736676,,,
"Elena  Eidelberg,  Kathleen  Ash",img/NA.jpg,Big Snake,Handmade Shaped Ceramic & Sandblasted Glass,Mixed Media,1/1/97 0:00,Austin Nature and Science Center,301 Nature Center Dr,78746,30.271908,-97.774026,,,
Caprice  Pierucci,img/NA.jpg,Birch Cascade,"Birch, Pine",Sculpture,1/1/09 0:00,City Hall and Public Plaza,301 W Second St,78701,30.2649,-97.74681,,,
Stephanie  Strange,img/BlackWell.JPG,Black Well,"Mild Steel, Typewriter Keys",Sculpture,1/1/10 0:00,Twin Oaks Branch Library,1800 S Fifth Street,78704,30.248697,-97.762381,,,
Kincannon Studios,img/Blackbird.JPG,Blackbird,"Texas Limestone, Black Mineral Finish, Bronze",Mixed Media,1/1/17 0:00,Republic Square Park,422 Guadalupe St,78701,30.268006,-97.747203,,,
Jerry  Defrese,img/blackland.JPG,Blackland,Galvanized Steel,Sculpture,1/1/83 0:00,George Washington Carver Museum and Cultural Center,1165 Angelina St,78702,30.269968,-97.723711,,,
Vy Ngo,img/NA.jpg,Blue,"Oil, Acrylic On Canvas",Painting,1/1/17 0:00,City Hall and Public Plaza,301 W Second St,78701,30.2649,-97.74681,,,
Casey D. Cooper,img/BlueGate.JPG,Blue Gate,Painted Stainless Steel,Painting,1/1/14 0:00,Bartholomew Municipal Pool,1800 E 51st St,78723,30.302685,-97.697185,,,
Virginia  Fleck,img/NA.jpg,Bounce,"Archival Digital Prints, Plexiglas",Print,1/1/13 0:00,Cultural Arts Division Offices,201 E 2nd St,78701,30.26395,-97.74311,,,
Sodalitas Art Group,img/BrazosSound1.JPG,Brazos Sound Project #1,Powder Coated Steel With Electronic Audio Components,Mixed Media,1/1/16 0:00,Brazos Street Streetscape,"Brazos Street and Cesar Chavez, west side",78701,30.26325,-97.74318,,,
Sodalitas Art Group,img/BrazosSound10.JPG,Brazos Sound Project #10,Powder Coated Steel With Electronic Audio Components,Mixed Media,1/1/16 0:00,Brazos Street Streetscape,"Brazos south of 4th Street, east side",78701,30.26547,-97.74221,,,
Sodalitas Art Group,img/BrazosSound11.JPG,Brazos Sound Project #11,Powder Coated Steel With Electronic Audio Components,Mixed Media,1/1/16 0:00,Brazos Street Streetscape,"Brazos between 3rd and 4th Street, east side",78701,30.2653,-97.74263,,,
Sodalitas Art Group,img/BrazosSound12.JPG,Brazos Sound Project #12,Powder Coated Steel With Electronic Audio Components,Mixed Media,1/1/16 0:00,Brazos Street Streetscape,"Brazos north of 2nd Street, east side",78701,30.26474,-97.74285,,,
Sodalitas Art Group,img/BrazosSound13.JPG,Brazos Sound Project #13,Powder Coated Steel With Electronic Audio Components,Mixed Media,1/1/16 0:00,Brazos Street Streetscape,"Brazos south of 2nd Street, east side",78701,30.2643,-97.74298,,,
Sodalitas Art Group,img/BrazosSound2.JPG,Brazos Sound Project #2,Powder Coated Steel With Electronic Audio Components,Mixed Media,1/1/16 0:00,Brazos Street Streetscape,"Brazos south of 2nd Street, west side",78701,30.26424,-97.74303,,,
Sodalitas Art Group,img/BrazosSound3.JPG,Brazos Sound Project #3,Powder Coated Steel With Electronic Audio Components,Mixed Media,1/1/16 0:00,Brazos Street Streetscape,"Brazos and 3rd Street, west side",78701,30.264566,-97.742764,,,
Sodalitas Art Group,img/BrazosSound4.JPG,Brazos Sound Project #4,Powder Coated Steel With Electronic Audio Components,Mixed Media,1/1/16 0:00,Brazos Street Streetscape,"Brazos south of 4th Street, west side",78701,30.264063,-97.742608,,,
Sodalitas Art Group,img/BrazosSound5.JPG,Brazos Sound Project #5,Powder Coated Steel With Electronic Audio Components,Mixed Media,1/1/16 0:00,Brazos Street Streetscape,"Brazos south of 5th Street (at the Onion), west side",78701,30.266468,-97.74144,,,
Sodalitas Art Group,img/BrazosSound6.JPG,Brazos Sound Project #6,Powder Coated Steel With Electronic Audio Components,Mixed Media,1/1/16 0:00,Brazos Street Streetscape,"Brazos south of 7th Street, west side",78701,30.267078,-97.741726,,,
Sodalitas Art Group,img/BrazosSound7.JPG,Brazos Sound Project #7,Powder Coated Steel With Electronic Audio Components,Mixed Media,1/1/16 0:00,Brazos Street Streetscape,"Brazos centered between 6th and 7th Streets, east side",78701,30.26827,-97.74119,,,
Sodalitas Art Group,img/BrazosSound8.JPG,Brazos Sound Project #8,Powder Coated Steel With Electronic Audio Components,Mixed Media,1/1/16 0:00,Brazos Street Streetscape,"Brazos near 5th Street, east side",78701,30.264526,-97.742638,,,
Sodalitas Art Group,img/BrazosSound9.JPG,Brazos Sound Project #9,Powder Coated Steel With Electronic Audio Components,Mixed Media,1/1/16 0:00,Brazos Street Streetscape,"Brazos centered between 4th and 5th Streets, east side",78701,30.26624,-97.742041,,,
Roy  Mata,img/NA.jpg,Buba at Barton Springs,Photographic C-print,Print,1/1/03 0:00,City Hall and Public Plaza,301 W Second St,78701,30.2649,-97.74681,,,
Ryan Montgomery,img/NA.jpg,Buttermilk Pie,Oil On Canvas,Painting,1/1/16 0:00,City Hall and Public Plaza,301 W Second St,78701,30.26475,-97.74729,,,
Susan  Wallace,img/cardinalpoints.JPG,Cardinal Points: North-South-East-West,Powder Coated Aluminum And Stainless Steel,Sculpture,1/1/11 0:00,E. Seventh Street Obelisco at Webberville Rd,E 7th and Webberville Rd,78702,30.261434,-97.717204,,,
Claudia Goldman,img/NA.jpg,Cattails and Coneflower,Weathered Steel,Sculpture,1/1/05 0:00,Zilker Botanical Gardens,2220 Barton Springs Rd,78746,30.26899,-97.77281,,,
Christian  Moeller,img/CAW.JPG,CAW,"Aluminum Honeycomb Composite Construction, Finished With A Sprayed Catalyzed Urethane Paint System",Mixed Media,1/1/16 0:00,Central Library,710 W Cesar Chavez St.,78701,30.26584,-97.750235,,,
Twyla  Arthur,img/CelebratingTraditions.JPG,Celebrating Traditions,"Ceramic Tile, Metal, Rocks",Mixed Media,1/1/02 0:00,Springdale Park,1175 Nickols Ave,78721,30.277456,-97.684222,,,
"Jill  Bedgood,  Steve  Wiman",img/CommunityQuilt.JPG,Community Quilt,Broken China And Tile Mosaics,Mosaic,1/1/95 0:00,South Austin Senior Activity Center,3911 Manchaca Rd,78704,30.233339,-97.784596,,,
Jill  Bedgood,img/Charms.JPG,Community Screen: Charms,"Aluminum, Stainless Steel, Paint",Mixed Media,1/1/12 0:00,Northwest Recreation Center,2913 Northland Dr,78756,30.333817,-97.751796,,,
Ben  Livingston,img/NA.jpg,Confabulating Orbits,Neon And Copper,Mixed Media,1/1/96 0:00,Austin Convention Center,500 E Cesar Chavez St,78701,30.262721,-97.740769,,,
Nan  Standish Blake,img/NA.jpg,Connected,Print On Fujicolor Crystal Archive Paper,Print,1/1/03 0:00,Health and Human Services Betty Dunkerley Campus,7201 Levander Loop,78702,30.253828,-97.689018,,,
"Sadi  Brewton,  Jonathan  Davies",img/NA.jpg,Cow River,"Solar Lights (19) Inscribed With Town Names, Saw Cut Lines In Existing Concrete",Mixed Media,1/1/14 0:00,Second Street District,310 W 2nd St,78701,30.265093,-97.746704,,,
Werllayne Nunes,img/creativityculture.JPG,Creativity and Culture: A Celebration / Creatividad y Cultura: Una Celebración,"Mineral Paint On Cement Board, Mounted To Steel Frame",Painting,1/1/14 0:00,E. Seventh Street Obelisco at Northwestern,E 7th St at Northwestern,78702,30.261069,-97.714808,,,
"Mery Godigna Collet,  Luis R. Gutierrez",img/NA.jpg,Crosswalk on the Lake,Median Street And Traffic Paint,Painting,1/1/16 0:00,Transportation Department,3701 Lake Austin Blvd,78703,30.29417,-97.78246,,,
Sharon  Engelstein,img/Crullers1.JPG,"Crullers (Big Mama Baby - comprised of Big Mama Baby, Little Mama and Tall Solo)",Pigmented Glass Fiber Reinforced Concrete Over Structural Foam And Steel Armature,Mixed Media,1/1/16 0:00,Second Street Bridge and Extension,708-1/2 W 2nd St.,78701,30.266464,-97.75155,,,
Sharon  Engelstein,img/Crullers2.JPG,"Crullers (Little Mama - comprised of Big Mama Baby, Little Mama and Tall Solo)",Pigmented Glass Fiber Reinforced Concrete Over Structural Foam And Steel Armature,Mixed Media,1/1/16 0:00,Second Street Bridge and Extension,708-1/2 W 2nd St.,78701,30.26645,-97.751605,,,
Sharon  Engelstein,img/Crullers3.JPG,"Crullers (Tall Solo - comprised of Big Mama Baby, Little Mama and Tall Solo)",Pigmented Glass Fiber Reinforced Concrete Over Structural Foam And Steel Armature,Mixed Media,1/1/16 0:00,Second Street Bridge and Extension,215 West Ave.,78701,30.267292,-97.751659,,,
Jack L. Schuller,img/NA.jpg,Crumleys Market,Acrylic On Canvas,Painting,1/1/92 0:00,City Hall and Public Plaza,301 W Second St,78701,30.26479,-97.74729,,,
"Dharmesh  Patel,  Autumn J.  Ewalt",img/Crystalline.JPG,Crystalline #1,Stainless Steel,Sculpture,1/1/13 0:00,Colorado Streetscape,Colorado Street,78701,30.266031,-97.745115,,,
"Dharmesh  Patel,  Autumn J.  Ewalt",img/Crystalline2.JPG,Crystalline #2,Stainless Steel,Sculpture,1/1/13 0:00,Colorado Streetscape,Colorado Street,78701,30.266748,-97.744676,,,
"Dharmesh  Patel,  Autumn J.  Ewalt",img/Crystalline3.JPG,Crystalline #3,Stainless Steel,Sculpture,1/1/13 0:00,Colorado Streetscape,Colorado Street,78701,30.268244,-97.744283,,,
"Dharmesh  Patel,  Autumn J.  Ewalt",img/Crystalline4.JPG,Crystalline #4,Stainless Steel,Sculpture,1/1/13 0:00,Colorado Streetscape,Colorado Street,78701,30.26876,-97.744173,,,
"Dharmesh  Patel,  Autumn J.  Ewalt",img/Crystalline5.JPG,Crystalline #5,Stainless Steel,Sculpture,1/1/17 0:00,Colorado Streetscape,Colorado Street and Cesar Chavez Street,78701,30.264017,-97.745695,,,
"Dharmesh  Patel,  Autumn J.  Ewalt",img/Crystalline6.JPG,Crystalline #6,Stainless Steel,Sculpture,1/1/17 0:00,Colorado Streetscape,Colorado Street and 2nd Street,78701,30.264939,-97.745523,,,
"Dharmesh  Patel,  Autumn J.  Ewalt",img/Crystalline7.JPG,Crystalline #7,Stainless Steel,Sculpture,1/1/17 0:00,Colorado Streetscape,Colorado Street and 7th Street,78701,30.269495,-97.743657,,,
"Dharmesh  Patel,  Autumn J.  Ewalt",img/Crystalline8.JPG,Crystalline #8,Stainless Steel,Sculpture,1/1/17 0:00,Colorado Streetscape,Colorado Street and 8th Street,78701,30.270443,-97.74346,,,
Jill  Bedgood,img/NA.jpg,Currency,Bronze,Sculpture,1/1/14 0:00,Second Street District,W Second St,78701,30.263715,-97.741873,,,
"Andrew Bellatti Green,  Adam  Pyrek",img/NA.jpg,Cyclical Interplay,"Waterjet Cut Steel, Cast Concrete, Telemetry Components, Gears",Mixed Media,1/1/14 0:00,Vic Mathias Shores,800 W Riverside Dr,78704,30.260664,-97.749049,,,
Stanley Studio  ,img/NA.jpg,Cypress Grove,"Stainless Steel, Concrete, Limestone, Drinking Fountain",Mixed Media,1/1/15 0:00,Second Street District,W Second St,78701,30.264309,-97.743987,,,
Jennifer  Chenoweth,img/Cosmos.JPG,Dance of the Cosmos,"Concrete, Steel, Actuator, Solar Electrical Components",Mosaic,1/1/15 0:00,Patterson Park,4200 Brookview Rd,78722,30.294774,-97.708601,,,
Rene  Anguiano,img/NA.jpg,Dawn to Dusk,14 Acrylic Paintings,Painting,1/1/98 0:00,Cepeda Branch Library,651 N Pleasant Valley Rd,78702,30.259081,-97.708902,,,
"Wanda  Montemayor,  Lisa Kay  Orr",img/NA.jpg,Deep Eddy Mural Project,"Handmade Ceramic Tiles, Glass Tiles",Mosaic,1/1/11 0:00,Deep Eddy Pool,401 Deep Eddy Dr,78703,30.277201,-97.772897,,,
Will  Larson,img/Discovery.JPG,Discovery,Metal And Limestone,Sculpture,1/1/02 0:00,Ruiz Branch Library,1600 Grove Blvd,78702,30.229862,-97.707011,,,
"Sandra  Fiedorek,  David  Heymann",img/NA.jpg,Doctor Pangloss,20 Metal Trash Receptacles,Sculpture,1/1/99 0:00,Household Hazardous Waste Facility,3810 Todd Ln,78744,30.213491,-97.737668,,,
Unknown Artist,img/NA.jpg,Don Vito Alessio Robles,"Cast Bronze, Metal, Tile",Mixed Media,1/1/00 0:00,Plaza Saltillo,408 Comal St,78702,30.261929,-97.727242,,,
Pio  Pulido,img/DoveHealing.JPG,Dove and the Leaves of Healing,"Fiberglass, Concrete",Sculpture,1/1/96 0:00,EMS Station 4,1201 Webberville Rd,78721,30.27809,-97.684298,,,
Elisabet  Ney,img/NA.jpg,Dr. David Thomas Iglehart,"Bronze, Limestone",Sculpture,1/1/03 0:00,Symphony Square,1101 Red River St,78701,30.271352,-97.734996,,,
David  Deming,img/NA.jpg,Eagle ll,Weathered Steel,Sculpture,1/1/76 0:00,Faulk Central Library,800 Guadalupe St,78701,30.271302,-97.746017,,,
Martin  Garcia,img/eastsidecompass.JPG,East Side Compass,"Cast Concrete, Stain",Sculpture,1/1/11 0:00,E. Seventh Street Obelisco at Pleasant Valley Rd.,E 7th and Pleasant Valley Rd,78702,30.26007,-97.709473,,,
Connie  Arismendi,img/ElFuturo.JPG,El futuro es una página en blanco. Qué escribirás en ella?,Aquajet Cut Aluminum,Sculpture,1/1/05 0:00,Terrazas Branch Library,1105 E Cesar Chavez St,78702,30.260012,-97.733324,,,
"Murray Legge, Deborah Lewis, Andrea Legge  ",img/elevatedprairie.JPG,Elevated Prairie,"Steel Planters, Fountain, Earth Berms, And Native Landscaping",Mixed Media,1/1/04 0:00,Central East Austin Police Substation,812 Springdale Rd,78702,30.259173,-97.699814,,,
Brad J. Goldberg,img/placehistory.JPG,Every Place A History,"Red Granite, Texas Limestone",Sculpture,1/1/11 0:00,Health and Human Services Betty Dunkerley Campus,7201 Levander Loop,78702,30.251847,-97.690501,,,
Victor Perez-Rul,img/exoskeleton.JPG,Exoskeleton,"Solar Hardware, Steel, And Powder Coating",1/1/17 0:00,Emma S. Barrientos Mexican American Cultural Center,600 River St,Austin,TX,78701,30.258163,-97.740239,,"(30.258163000000003, -97.740239)"
Lars  Stanley,img/FireInTheHeart.JPG,Fire in the Heart,"Steel Gate, Pillars And Light Sconces",Landscape,1/1/90 0:00,Fire Station 17,4123 S First St,78745,30.224806,-97.770849,,,
Stefanie  Distefano,img/Flamingo.JPG,Flamingo Mitote,"Ceramic Tiles, Mirrored Tiles",Mosaic,1/1/12 0:00,Patterson Park,4201 Brookview Rd,78722,30.296222,-97.709338,,,
Marla  Camp,img/NA.jpg,Flights of Fancy,"Acrylic Paint, Metal",Painting,1/1/98 0:00,Yarborough Branch Library,2200 Hancock Dr,78756,30.323427,-97.740711,,,
Laura  Garanzuay,img/NA.jpg,Flow,Stainless Steel Hardware,Sculpture,1/1/15 0:00,Second Street District,W Second St,78701,30.2654,-97.747762,,,
Archaic (Kincannon Studios)  ,img/NA.jpg,"For Jeep, With Love",Carved Limestone,Sculpture,1/1/01 0:00,Palmer Events Center,900 Barton Springs Rd,78704,30.260248,-97.753415,,,
Robert  Herrera,img/ForLaRaza.JPG,For La Raza,Acrylic Paint,Painting,1/1/92 0:00,Holly Street Power Plant,2400 Holly St,78702,30.249525,-97.72138,,,
"Hawkeye  Glenn,  Lizzie  Martinez",img/NA.jpg,"Formation, language, memory","Sunset Red Granite, Leuders Limestone, Steel Planters, Paint.",Mixed Media,1/1/10 0:00,Joseph and Susanna Dickinson Hannig Museum,411 E Fifth St,78701,30.26572,-97.738868,,,
Robert  Levers,img/terrorists.JPG,Four Terrorists Trapped in a Bullring,Soft Ground Etching,Landscape,1/1/93 0:00,Learning and Research Center,2800 Spirit of Texas Dr,78719,30.2116,-97.66992,,,
Paul  Sorey,img/NA.jpg,Fractal Tree,Stainless Steel,Sculpture,1/1/13 0:00,Cirrus Logic Inc.,800 W Sixth St,78701,30.270527,-97.750899,,,
Ben  Harman,img/NA.jpg,Gear Grove,"Stainless Steel, Mild Steel, Found Objects (repurposed Bike Gears)",Mixed Media,1/1/13 0:00,Congress Avenue Streetscape,818 Congress Avenue,78701,30.270778,-97.741969,,,
Victor  Gutierrez,img/NA.jpg,General Ignacio Zaragoza,Bronze,Sculpture,1/1/96 0:00,Parque Zaragoza Recreation Center,2608 Gonzales St,78702,30.261743,-97.711567,,,
Hunter  Cross,img/Geode.JPG,Geode,"Plaster, Glass, Electrical, Metal, Concrete",Mixed Media,1/1/14 0:00,Northwest Greenway,4624 1/2 James Wheat St,78723,30.30066,-97.704586,,,
Eddie  Dixon,img/NA.jpg,Go Forth,Cast Bronze,Sculpture,1/1/05 0:00,George Washington Carver Museum and Cultural Center,1165 Angelina St,78702,30.269565,-97.724044,,,
Urban Matter Inc.,img/GoldenAfternoon.JPG,Golden Afternoon,"Stainless Steel, Fiber Optic Cable, Light Emitting Diodes",Mixed Media,1/1/16 0:00,Seaholm Parking Structure,211 Walter Seaholm Dr,78701,30.267777,-97.752855,,,
Unknown Artist,img/NA.jpg,Granite Gates,Carved Granite,Sculpture,1/1/98 0:00,Zilker Botanical Gardens,2220 Barton Springs Rd,78746,30.26881,-97.77119,,,
Jimmy  Jalapeeno,img/NA.jpg,Green Austin Series,7 Oil Paintings On Canvas,Painting,1/1/90 0:00,Austin Bergstrom International Airport,3600 Presidential Blvd,78719,30.20227,-97.66681,,,
Berthold  Haas,img/grottowall.JPG,Grotto Wall at Sparky Park,"Karst Stone, Steel, Mirror Balls, Various Stone, Aggregates, Masonry, Petrified Wood, Fossils, Seashells, Ceramic, Found Objects",Mixed Media,1/1/08 0:00,Sparky Park,3701 Grooms St,78705,30.299035,-97.732193,,,
Wanda  Gamble,img/NA.jpg,Hidden Canyon,Oil On Canvas,Painting,1/1/93 0:00,Cultural Arts Division Offices,201 E 2nd St,78701,30.2638,-97.74222,,,
Deborah  Mersky,img/NA.jpg,High Water Mark,Nineteen Stainless Steel Laser-cut Panels With Porcelain Enamel Insets,Sculpture,1/1/08 0:00,Cesar Chavez Streetscape,Cesar Chavez at S First St,78701,30.264098,-97.747932,,,
Thomas  Evans,img/NA.jpg,Hill of the Medicine Man,9 Oil On Canvas Panels,Painting,1/1/99 0:00,Austin Bergstrom International Airport,3600 Presidential Blvd,78719,30.20239,-97.66621,,,
Raul  Valdez,img/hillsidemural.JPG,Hillside Mural,Acrylic Paint On Existing Cement And Cinderblock Walls,Painting,1/1/78 0:00,Oswaldo A. B. Cantu/Pan American Hillside Theatre,2100 E Third St,78702,30.25862,-97.721557,,,
Philippe  Klinefelter,img/hourglass.JPG,Hour Glass Seating Arbor,"Granite, Steel, Landscaping",Landscape,1/1/06 0:00,Rosewood-Zaragoza Neighborhood Center,2800 Webberville Rd,78702,30.265427,-97.710536,,,
Margo  Sawyer,img/NA.jpg,Index For Contemplation,Powder-coated Metal,Sculpture,1/1/02 0:00,Austin Convention Center,500 E Cesar Chavez St,78701,30.263713,-97.739702,,,
Chris  Levack,img/NA.jpg,Iron Wave,"Steel Ramp With Rolled Steel Pipe, Sheet And Rods, Painted, Concrete Foundation.",Landscape,1/1/11 0:00,Heath Eiland and Morgan Moss BMX Skate Park,1213 Shoal Creek Blvd,78701,30.277232,-97.749802,,,
Priscilla  Robinson,img/NA.jpg,"Italianos 1,2,3; Indian Land 1; Pueblo Trees; On the Way",Six Pastel Drawings,Drawing,1/1/90 0:00,Cultural Arts Division Offices,201 E 2nd St,78701,30.26365,-97.7429,,,
Juan Antonio  Lugo Villegas,img/NA.jpg,Jose Maria Morelos y Pavon,"Bronze, Cast Cement Pedestal",Sculpture,1/1/03 0:00,Republic Square Park,422 Guadalupe St,78701,30.267803,-97.747648,,,
Sara  Hickman,img/NA.jpg,Keep Austin Weird,Stickers And Paper On Fiberglass,Mixed Media,1/1/06 0:00,Austin Bergstrom International Airport,3600 Presidential Blvd,78719,30.20208,-97.66698,,,
Misty  Keasler,img/NA.jpg,"Kids in the Mirror, Orphanage at Svir Stroi, Svir Stroi, Russia",C-print On Fujicolor Crystal Archive Paper,Print,1/1/02 0:00,Health and Human Services Betty Dunkerley Campus,7201 Levander Loop,78702,30.253828,-97.689018,,,
"Roger  Colombik,  Jerolyn  Bahm-Colombik",img/LaFuente.JPG,La Fuente en Calle Segunda / The Spring of Second Street,"Bronze, Aluminum",Sculpture,1/1/10 0:00,Second Street District,W Second St,78701,30.26992,-97.74332,,,
Delfin  Escalante,img/NA.jpg,La Guitarra,Acrylic Paint And Marker On Fiberglass,Painting,1/1/06 0:00,Austin Bergstrom International Airport,3600 Presidential Blvd,78719,30.20208,-97.66698,,,
David  Serrano,img/lapinata.JPG,La Pinata,Serigraph,Print,1/1/96 0:00,Learning and Research Center,2800 Spirit of Texas Dr,78719,30.2116,-97.66992,,,
Fidencio  Duran,img/NA.jpg,La Quinceanera- 15th Birthday,Acrylic Paint,Painting,1/1/92 0:00,Holly Street Power Plant,2400 Holly St,78702,30.251077,-97.719286,,,
Victoria  Smith,img/NA.jpg,Lady Bird Johnson Wildflower Spring #1,Archival Iris Giclee Photograph On Somerset Watercolor Paper,Print,1/1/99 0:00,Health and Human Services Betty Dunkerley Campus,7201 Levander Loop,78702,30.253828,-97.689018,,,
Victoria  Smith,img/NA.jpg,Lady Bird Johnson Wildflower Spring #2,Archival Iris Giclee Photograph On Somerset Watercolor Paper,Print,1/1/99 0:00,Health and Human Services Betty Dunkerley Campus,7201 Levander Loop,78702,30.253828,-97.689018,,,
Victoria  Smith,img/NA.jpg,Lady Bird Johnson Wildflower Spring #3,Archival Iris Giclee Photograph On Somerset Watercolor Paper,Print,1/1/99 0:00,Health and Human Services Betty Dunkerley Campus,7201 Levander Loop,78702,30.253828,-97.689018,,,
Jim  Beckett,img/NA.jpg,Lady Bird Lake: Morning,Archival Inkjet Print,Print,1/1/11 0:00,City Hall and Public Plaza,301 W Second St,78701,30.26479,-97.74729,,,
Virginia  Fleck,img/NA.jpg,Lamina Groove,Archival IRIS Print On Somerset Watercolor Paper,Print,1/1/02 0:00,EMS Station 17 / Deep Eddy,2307 Foster Ave,78703,30.277331,-97.772569,,,
"Leah Davis, Robert Gay, Jack Sanders  ",img/NA.jpg,Lance Armstrong Bikeway ,"Powder Coated Steel, Solar Panel, Solar Controller, Concrete",Mixed Media,1/1/09 0:00,Lance Armstrong Bikeway,From Veterans Dr/MoPac to 5th/Shady Lane,,,,,,
Stefanie  Distefano,img/ForeverMosaic.JPG,Larry Monroe Forever Mosaic,"Clay, Mirror, Found Objects",Mixed Media,1/1/15 0:00,Bridge over Blunn Creek,1506 East Side Drive,78704,30.247499,-97.7444,,,
Martin  Garcia,img/NA.jpg,Las Acciones del Pasado Aseguran el Exito Hacia el Futuro,Acrylic Paint,Painting,1/1/04 0:00,Oswaldo A. B. Cantu/Pan American Recreation Center,2100 E Third St,78702,30.258079,-97.720882,,,
John  Christensen,img/NA.jpg,"Leaf, Pod & Samara",Cast Concrete,Sculpture,1/1/99 0:00,Austin Bergstrom International Airport,3600 Presidential Blvd,78719,30.20224,-97.66748,,,
Jimmy  Luu,img/NA.jpg,Letterscape,Steel Landscape Edging With Planted Grasses,Landscape,1/1/08 0:00,Health and Human Services Betty Dunkerley Campus,7201 Levander Loop,78702,30.252586,-97.6897,,,
Rodolfo  Ybarra,img/NA.jpg,Lone Star Gazebo,Galvanized Steel,Sculpture,1/1/95 0:00,Butler Hike and Bike Trail at Lady Bird Lake,700 W Cesar Chavez St,78701,30.265813,-97.753598,,,
"Sunyong  Chung,  Philippe  Klinefelter",img/Lotus.JPG,Lotus,"Granite, Hand-made Ceramic Tiles",Sculpture,1/1/13 0:00,Asian American Resource Center,8401 Cameron Rd,78754,30.339817,-97.680635,,,
The Austin Group,img/NA.jpg,Lou Neff Point Gazebo,"Round Steel Tubing, Iron",Sculpture,1/1/93 0:00,Butler Hike and Bike Trail at Lady Bird Lake,2100 Lou Neff Rd,78746,30.267254,-97.76169,,,
Angel  Quesada,img/lyonsroad.JPG,Lyons Road Pastoral Scene Mural,"Masonry, Latex Based Enamel Paint",Mixed Media,1/1/10 0:00,Lyons Road Bridge,2828 Lyons Rd,78702,30.261903,-97.702233,,,
Rolando Briseo,img/NA.jpg,Macro / Micro Culture,Giclee Print,Print,1/1/02 0:00,Austin Convention Center,500 E Cesar Chavez St,78701,30.263956,-97.739478,,,
Ned  Kahn,img/NA.jpg,Magnetic Column,"Carbon Steel, Tempered Glass, Neodymium Magnets, Magnetite Sand, Black Nylon Bushings",Mixed Media,1/1/12 0:00,Austin Energy System Control Center,2500 Montopolis Dr,78741,30.219972,-97.708788,,,
Reynaldo Alaniz,img/maya.JPG,Maya,Limestone,1/1/17 0:00,Emma S. Barrientos Mexican American Cultural Center,600 River St,Austin,TX,78701,30.258163,-97.740239,,"(30.258163000000003, -97.740239)"
Armando (Tanner)  Martinez,img/NA.jpg,Me Barrio,Acrylic Paint,Painting,1/1/91 0:00,Holly Street Power Plant,2400 Holly St,78702,30.250904,-97.718662,,,
Hugo  Villa,img/texas.JPG,Memorial to the Great Builders of Texas,"Bronze, Granite, Concrete",Mixed Media,1/1/38 0:00,ROW at 11th and Colorado,11th St and Colorado St,78701,30.274459,-97.742727,,,
L.W. Stolz Memorials,img/wwii.JPG,Memorial to the World War ll Dead,"Bronze, Granite",Sculpture,1/1/49 0:00,ROW at 11th and Colorado,11th St and Colorado St,78701,30.273339,-97.742756,,,
Armando (Tanner)  Martinez,img/MetzPool.JPG,Metz Pool House Mural,"Spray Paint, Airbrush",Painting,1/1/90 0:00,Metz Pool,2407 Canterbury St,78702,30.252855,-97.719154,,,
Juan Antonio  Lugo Villegas,img/NA.jpg,Miguel Hidalgo y Costilla,"Bronze, Cast Cement Pedestal",Sculpture,1/1/03 0:00,Republic Square Park,422 Guadalupe St,78701,30.267788,-97.747647,,,
Carl  Trominski,img/NA.jpg,Moments,"Paint, Metal Reflective Panels",Painting,1/1/03 0:00,Lamar Bridge Underpass,300 N Lamar Blvd,78703,30.269366,-97.754881,,,
Fidencio  Duran,img/MontopolisUSA.JPG,Montopolis USA,Acrylic Paint On Board,Painting,1/1/03 0:00,Montopolis Neighborhood Center,1416 Montopolis Dr,78741,30.22915,-97.701347,,,
Shalena White,img/NA.jpg,Mountain Laurel Mandala II,"Texas Mountain Laurel Seeds, Sewing Pins",Misc,1/1/14 0:00,City Hall and Public Plaza,301 W Second St,78701,30.26482,-97.746956,,,
Sharon Roy Finch,img/NA.jpg,MusiCapital,"Graphite, Oils And Sealant On Fiberglass",Mixed Media,1/1/06 0:00,Austin Bergstrom International Airport,3600 Presidential Blvd,78719,30.20208,-97.66698,,,
Howard  Weliver,img/NA.jpg,Musician,Enamel On Fiberglass,Sculpture,1/1/06 0:00,Austin Bergstrom International Airport,3600 Presidential Blvd,78719,30.20208,-97.66698,,,
Dale  Whistler,img/NA.jpg,Nightwing,"Painted Aluminum, Concrete, Steel",Mixed Media,1/1/98 0:00,Congress Barton Springs Traffic Island,100 1/2 Barton Springs Rd.,78704,30.259365,-97.746412,,,
Mark  Schatz,img/NA.jpg,Nobody Writes Poetry About the Trinity,Cement,Sculpture,1/1/14 0:00,Second Street District,W Second St,78701,30.263424,-97.740781,,,
Thoughtbarn,img/Thoughtbarn_Garden.JPG,North Austin Community Garden,"Wood, Steel, Paint, PVC-coated Steel Wire, Garden Plan",Landscape,1/1/14 0:00,North Austin Community Recreation Center,1000 W Rundberg Ln,78758,30.364945,-97.700279,,,
Pete  Castilleja,img/Nosotros.JPG,Nosotros,"Acrylic Paint On CMU Wall, Painted Wood Frame",Painting,1/1/74 0:00,Metz Recreation Center,2407 Canterbury St,78702,30.25226,-97.718377,,,
John Patrick Cobb,img/NA.jpg,O. Henry at Cards,"Pencil, Sumi Ink, Air Brush, Colored Varnish And White Enamel On Board; Cradled And Varnished With Matte Damar.",Drawing,1/1/93 0:00,O. Henry Museum,409 E Fifth St,78701,30.265758,-97.739139,,,
Shelley  Wood,img/NA.jpg,Odessa,Selenium-toned Silver Gelatin Print,Print,1/1/01 0:00,Health and Human Services Betty Dunkerley Campus,7201 Levander Loop,78702,30.253828,-97.689018,,,
Gabel  Karsten,img/onebyone.JPG,One by One,Multi-plate Aquatint,Misc,1/1/96 0:00,Learning and Research Center,2800 Spirit of Texas Dr,78719,30.2116,-97.66992,,,
R+R Studios,img/NA.jpg,Open Room Austin,Powder-coated Aluminum,Sculpture,1/1/10 0:00,Sand Beach Park,200 Sandra Muraida Way,78701,30.26705,-97.754742,,,
Materials Coalition,img/NA.jpg,Opossum Temple and Voodoo Pew,Painted Steel And Cast Concrete,Mixed Media,1/1/93 0:00,Butler Hike and Bike Trail at Lady Bird Lake,1125 W Cesar Chavez St,78703,30.26776,-97.759543,,,
Ben  Appl,img/ourhands.JPG,Our Hands / Nuestras Manos,Aluminum With Dye Oxides,Misc,1/1/11 0:00,E. Seventh St. Obelisco at Comal St.,E 7th and Comal St,78702,30.263956,-97.726108,,,
James  Janknegt,img/NA.jpg,Our Neighborhood,Oil On Canvas,Painting,1/1/93 0:00,Cultural Arts Division Offices,201 E 2nd St,78701,30.26362,-97.74299,,,
"Laurel  Butler,  Rita Starpattern",img/outdoorstudio.JPG,Outdoor Studio,Painted Stucco On Concrete Masonry Units,Painting,1/1/90 0:00,Central Access Television Facility,1143 Northwestern Ave,78702,30.269588,-97.715668,,,
Leticia Huerta,img/padrenuestro.JPG,Padre Nuestro,Serigraph,Print,1/1/96 0:00,Learning and Research Center,2800 Spirit of Texas Dr,78719,30.2116,-97.66992,,,
Fidencio  Duran,img/zaragozamurals.JPG,Parque Zaragoza Murals,Acrylic Paint,Painting,1/1/96 0:00,Parque Zaragoza Recreation Center,2608 Gonzales St,78702,30.261743,-97.711567,,,
Erin  Curtis,img/PedGeometries1.JPG,Pedestrian Geometries #1,"Elgin-Butler Glazed Brick, Mortar, Grout",Landscape,1/1/13 0:00,Third Street Streetscape,301 Brazos St,78702,30.264994,-97.743148,,,
Erin  Curtis,img/PedGeometries10.JPG,Pedestrian Geometries #10,"Elgin-Butler Glazed Brick, Mortar, Grout",Landscape,1/1/13 0:00,Third Street Streetscape,301 Brazos St,78702,30.265217,-97.743373,,,
Erin  Curtis,img/PedGeometries11.JPG,Pedestrian Geometries #11,"Elgin-Butler Glazed Brick, Mortar, Grout",Landscape,1/1/13 0:00,Third Street Streetscape,301 Brazos St,78702,30.26522,-97.743363,,,
Erin  Curtis,img/PedGeometries12.JPG,Pedestrian Geometries #12,"Elgin-Butler Glazed Brick, Mortar, Grout",Landscape,1/1/13 0:00,Third Street Streetscape,301 Brazos St,78702,30.265835,-97.74604,,,
Erin  Curtis,img/PedGeometries16.JPG,Pedestrian Geometries #16,"Elgin-Butler Glazed Brick, Mortar, Grout",Landscape,1/1/13 0:00,Third Street Streetscape,301 Brazos St,78702,30.265831,-97.746029,,,
Erin  Curtis,img/PedGeometries17.JPG,Pedestrian Geometries #17,"Elgin-Butler Glazed Brick, Mortar, Grout",Landscape,1/1/13 0:00,Third Street Streetscape,301 Brazos St,78702,30.265418,-97.744613,,,
Erin  Curtis,img/PedGeometries18.JPG,Pedestrian Geometries #18,"Elgin-Butler Glazed Brick, Mortar, Grout",Landscape,1/1/13 0:00,Third Street Streetscape,301 Brazos St,78702,30.26431,-97.740749,,,
Erin  Curtis,img/PedGeometries18B.JPG,Pedestrian Geometries #18B,"Elgin-Butler Glazed Brick, Mortar, Grout",Landscape,1/1/13 0:00,Third Street Streetscape,301 Brazos St,78702,30.266496,-97.748009,,,
Erin  Curtis,img/PedGeometries19.JPG,Pedestrian Geometries #19,"Elgin-Butler Glazed Brick, Mortar, Grout",Landscape,1/1/13 0:00,Third Street Streetscape,301 Brazos St,78702,30.266722,-97.749248,,,
Erin  Curtis,img/PedGeometries1B.JPG,Pedestrian Geometries #1B,"Elgin-Butler Glazed Brick, Mortar, Grout",Landscape,1/1/13 0:00,Third Street Streetscape,301 Brazos St,78702,30.26475,-97.741718,,,
Erin  Curtis,img/PedGeometries2.JPG,Pedestrian Geometries #2,"Elgin-Butler Glazed Brick, Mortar, Grout",Landscape,1/1/13 0:00,Third Street Streetscape,301 Brazos St,78702,30.26544,-97.744665,,,
Erin  Curtis,img/PedGeometries20.JPG,Pedestrian Geometries #20,"Elgin-Butler Glazed Brick, Mortar, Grout",Landscape,1/1/13 0:00,Third Street Streetscape,301 Brazos St,78702,30.266128,-97.747091,,,
Erin  Curtis,img/PedGeometries21.JPG,Pedestrian Geometries #21,"Elgin-Butler Glazed Brick, Mortar, Grout",Landscape,1/1/13 0:00,Third Street Streetscape,301 Brazos St,78702,30.266099,-97.746556,,,
Erin  Curtis,img/PedGeometries22.JPG,Pedestrian Geometries #22,"Elgin-Butler Glazed Brick, Mortar, Grout",Landscape,1/1/13 0:00,Third Street Streetscape,301 Brazos St,78702,30.263994,-97.740759,,,
Erin  Curtis,img/PedGeometries23.JPG,Pedestrian Geometries #23,"Elgin-Butler Glazed Brick, Mortar, Grout",Landscape,1/1/13 0:00,Third Street Streetscape,301 Brazos St,78702,30.265593,-97.744821,,,
Erin  Curtis,img/PedGeometries24.JPG,Pedestrian Geometries #24,"Elgin-Butler Glazed Brick, Mortar, Grout",Landscape,1/1/13 0:00,Third Street Streetscape,301 Brazos St,78702,30.265602,-97.744854,,,
Erin  Curtis,img/PedGeometries25.JPG,Pedestrian Geometries #25,"Elgin-Butler Glazed Brick, Mortar, Grout",Landscape,1/1/13 0:00,Third Street Streetscape,301 Brazos St,78702,30.265596,-97.744832,,,
Erin  Curtis,img/PedGeometries26.JPG,Pedestrian Geometries #26,"Elgin-Butler Glazed Brick, Mortar, Grout",Landscape,1/1/13 0:00,Third Street Streetscape,301 Brazos St,78702,30.265217,-97.743357,,,
Erin  Curtis,img/PedGeometries27.JPG,Pedestrian Geometries #27,"Elgin-Butler Glazed Brick, Mortar, Grout",Landscape,1/1/13 0:00,Third Street Streetscape,301 Brazos St,78702,30.265834,-97.746035,,,
Erin  Curtis,img/PedGeometries29.JPG,Pedestrian Geometries #29,"Elgin-Butler Glazed Brick, Mortar, Grout",Landscape,1/1/13 0:00,Third Street Streetscape,301 Brazos St,78702,30.264753,-97.742299,,,
Erin  Curtis,img/PedGeometries3.JPG,Pedestrian Geometries #3,"Elgin-Butler Glazed Brick, Mortar, Grout",Landscape,1/1/13 0:00,Third Street Streetscape,301 Brazos St,78702,30.265657,-97.745456,,,
Erin  Curtis,img/PedGeometries30.JPG,Pedestrian Geometries #30,"Elgin-Butler Glazed Brick, Mortar, Grout",Landscape,1/1/13 0:00,Third Street Streetscape,301 Brazos St,78702,30.266387,-97.747498,,,
Erin  Curtis,img/PedGeometries4.JPG,Pedestrian Geometries #4,"Elgin-Butler Glazed Brick, Mortar, Grout",Landscape,1/1/13 0:00,Third Street Streetscape,301 Brazos St,78702,30.264884,-97.742125,,,
Erin  Curtis,img/PedGeometries5.JPG,Pedestrian Geometries #5,"Elgin-Butler Glazed Brick, Mortar, Grout",Landscape,1/1/13 0:00,Third Street Streetscape,301 Brazos St,78702,30.266714,-97.748779,,,
Erin  Curtis,img/PedGeometries9.JPG,Pedestrian Geometries #9,"Elgin-Butler Glazed Brick, Mortar, Grout",Landscape,1/1/13 0:00,Third Street Streetscape,301 Brazos St,78702,30.265597,-97.744844,,,
Katherine  Brimberry,img/personaleffects.JPG,Personal Effects III,Monoprint With Solarplate Etching,Print,1/1/94 0:00,Learning and Research Center,2800 Spirit of Texas Dr,78719,30.2116,-97.66992,,,
Jill  Bedgood,img/NA.jpg,Phantom Ship,Cast Concrete Retaining Walls,Landscape,1/1/91 0:00,Zilker Metropolitan Park,2100 Barton Springs Rd,78746,30.264663,-97.769253,,,
Glenna  Goodacre,img/NA.jpg,Philosophers Rock,Bronze,Sculpture,1/1/94 0:00,Zilker Metropolitan Park,2131 William Barton Dr.,78746,30.264214,-97.770738,,,
Tracy  Sutton,img/NA.jpg,Piece of My Heart,Acrylic Paint On Fiberglass,Painting,1/1/06 0:00,Austin Bergstrom International Airport,3600 Presidential Blvd,78719,30.20208,-97.66698,,,
Arlene  Polite,img/play.JPG,Play,Woodcut,Misc,1/1/95 0:00,Learning and Research Center,2800 Spirit of Texas Dr,78719,30.2116,-97.66992,,,
Dale  Whistler,img/NA.jpg,Playmates,Painted Aluminum,Painting,1/1/99 0:00,Town Lake Animal Center,1156 W Cesar Chavez St,78703,30.26795347,-97.75831654,,,
"Amy Bunker,  Travis Seeger,  Foster Talge",img/Pods.JPG,Pods,"Stainless And Mild Steel, Cedar, Decomposed Granite Landscaping",Landscape,1/1/16 0:00,Montopolis Neighborhood Center,1416 Montopolis Dr,78741,30.229111,-97.701099,,,
Kathy  Marcus,img/NA.jpg,Por Vida,Mixed Media On Fiberglass,Mixed Media,1/1/09 0:00,Austin Bergstrom International Airport,3600 Presidential Blvd,78719,30.20208,-97.66698,,,
NADAAA,img/PowerPicket.JPG,Power Picket,"Precast Pigmented Concrete, Perforated Metal Panels",Sculpture,1/1/16 0:00,Seaholm Substation Wall,Seaholm Substation Wall,78701,30.26741,-97.751643,,,
Hawkeye  Glenn,img/NA.jpg,Prayer Wheel,"Granite, Limestone, Steel, Porcelain Enamel",Mixed Media,1/1/14 0:00,Barton Springs Pool,2201 Barton Springs Rd,78746,30.264224,-97.771261,,,
Nan  Standish Blake,img/NA.jpg,Pride,Print On Fujicolor Crystal Archive Paper,Print,1/1/03 0:00,Health and Human Services Betty Dunkerley Campus,7201 Levander Loop,78702,30.253828,-97.689018,,,
Arlene  Polite,img/printing.JPG,Printing,Woodcut,Misc,1/1/96 0:00,Learning and Research Center,2800 Spirit of Texas Dr,78719,30.2116,-97.66992,,,
Maggie  Desanto,img/processionguadalupe.JPG,Procession for Our Lady of Guadalupe,"Glazed Ceramic Tile, Cement Board",Mixed Media,1/1/11 0:00,E. Seventh Street Obelisco at Robert Martinez,E 7th and Robert Martinez,78702,30.261583,-97.718018,,,
Nell  Gould,img/notaquince.JPG,Q (not a quince),Etching ,Misc,1/1/97 0:00,Learning and Research Center,2800 Spirit of Texas Dr,78719,30.2116,-97.66992,,,
Damian  Priour,img/NA.jpg,Question Mark,Stained Glass,Mosaic,1/1/79 0:00,Faulk Central Library,800 Guadalupe St,78701,30.271145,-97.745685,,,
Alfredo (Skam)  Martinez,img/NA.jpg,The Children are the Future,Acrylic Paint,Painting,1/1/91 0:00,Holly Street Power Plant,2400 Holly St,78702,30.251037,-97.721191,,,
"Connie  Arismendi,  Laura  Garanzuay",img/esperanza.JPG,"Rayo de Esperanza / A Beacon of Hope: Cesar E. Chavez Memorial Sculpture, Community Kiosk, Benches","Aqua Jet Cut Aluminum, Steel, Three Celebratory Lighting Programs",Mixed Media,1/1/09 0:00,Terrazas Branch Library,1105 E Cesar Chavez St,78702,30.260183,-97.733761,,,
Ambray  Gonzales,img/Ambray_ReachForDreams.JPG,Reach for Your Dreams,"Carved Limestone, Slate Tiles, River Rocks",Sculpture,1/1/02 0:00,Montopolis Sportsplex,800 Grove Blvd,78741,30.24335,-97.701451,,,
Paul  Bond,img/NA.jpg,Reading Between the Lions,Bronze,Sculpture,1/1/00 0:00,Windsor Park Branch Library,5833 Westminster Dr,78723,30.311649,-97.690219,,,
Jill  Bedgood,img/NA.jpg,Reality * Texas * Mythology,"Etched Glass, Etched Metal Medallions",Mosaic,1/1/99 0:00,Austin Bergstrom International Airport,3600 Presidential Blvd,78719,30.202077,-97.667887,,,
Pio  Pulido,img/NA.jpg,Rebekah Baines Johnson Health Center Mural,Acrylic Paint,Painting,1/1/99 0:00,Rebekah Baines Johnson Health Center,15 Waller St,78701,30.253439,-97.733152,,,
Virginia  Fleck,img/ReflectResound.JPG,Reflect and Resound,"Aluminum, Steel, Paint",Mixed Media,1/1/17 0:00,Austin Shelter for Women and Children,4523 Tannehill Lane,78721,30.28318,-97.668787,,,
Reginald  Adams,img/reflection.JPG,Reflections,Mosaic Mural Made With Glass And Ceramic Tiles,Mosaic,1/1/12 0:00,African American Cultural and Heritage Facility,912 E 11th St,78702,30.270069,-97.730876,,,
Ryah  Christensen,img/ReflectionsOnBrazos.JPG,Reflections on the Brazos,"Glass, Stone",Mosaic,1/1/15 0:00,Second Street District,W Second St,78701,30.264026,-97.74293,,,
Cliff  Garten,img/NA.jpg,Rhytons,"Bronze, Sound Components",Mixed Media,1/1/12 0:00,Zachary Scott Theatre,202 S Lamar Blvd.,78704,30.26435,-97.758013,,,
John  Yancey,img/NA.jpg,Riffs and Rhythms,Broken Tile Mosaic,Mosaic,1/1/96 0:00,Austin Convention Center,500 E Cesar Chavez St,78701,30.263956,-97.740646,,,
Mary  Albrecht,img/NA.jpg,Rosemary: Goddess of the Herb Garden,Ferro Concrete,Sculpture,1/1/00 0:00,Zilker Botanical Gardens,2220 Barton Springs Rd,78746,30.26893,-97.7729,,,
Jill  Bedgood,img/NA.jpg,Rowing Shell,"Back-painted Glass, Aluminum Frame",Mixed Media,1/1/12 0:00,Waller Creek Boathouse,74 Trinity St,78701,30.260647,-97.741732,,,
Nan  Standish Blake,img/NA.jpg,Safe,Print On Fujicolor Crystal Archive Paper,Print,1/1/03 0:00,Health and Human Services Betty Dunkerley Campus,7201 Levander Loop,78702,30.253828,-97.689018,,,
Leticia Huerta,img/NA.jpg,San Antonio River,Terrazzo Tile,Mosaic,1/1/17 0:00,Second Street District,500 W 2nd St,78701,30.263583,-97.741368,,,
T. Paul  Hernandez,img/NA.jpg,Sanctuary of the Tribal Alligator,Concrete,Sculpture,1/1/88 0:00,Hill Elementary School,8601 Tallwood Dr,78759,30.376447,-97.74857,,,
Martha  Mcashan Guerin,img/NA.jpg,Sandcastles,Bronze,Sculpture,1/1/89 0:00,Brackenridge Childrens Hospital,,78701,,,,,
Phillip  Wade,img/NA.jpg,Schnauzer at the Door,Oil On Canvas,Painting,1/1/92 0:00,Texas Cancer Center at Brackenridge Hospital,,78701,,,,,
Kathleen  Ash,img/SeaOfKnowledge.JPG,Sea of Knowledge,"Laminated Decorative Glass, Kiln-fired Paint",Mixed Media,1/1/09 0:00,North Village Branch Library,2505 Steck Ave,78757,30.362139,-97.730643,,,
Lawrence  Jolly,img/NA.jpg,Sedona Lake,Oil On Canvas,Painting,1/1/14 0:00,City Hall and Public Plaza,301 W Second St,78701,30.2649,-97.74686,,,
Nobuho  Nagasawa,img/NA.jpg,Seeding Time,"Stones, Limestone, MeeFog Humidification System, Lights, Oak Tree",Landscape,1/1/04 0:00,City Hall and Public Plaza,301 W Second St,78701,30.264554,-97.747765,,,
Jerald Don Evans,img/NA.jpg,She is Alive!,"Bronze, Granite",Sculpture,1/1/11 0:00,George Washington Carver Museum and Cultural Center,1165 Angelina St,78702,30.269979,-97.724015,,,
Eric  Eley,img/checkerburst.JPG,Shock Egg and Checker Burst,"Stainless Steel, Silicon Bronze",Sculpture,1/1/15 0:00,Austin Bergstrom International Airport,3600 Presidential Blvd,78719,30.211885,-97.666847,,,
Shelley  Wood,img/NA.jpg,Shoestring,Selenium-toned Silver Gelatin Print,Print,1/1/03 0:00,Health and Human Services Betty Dunkerley Campus,7201 Levander Loop,78702,30.253828,-97.689018,,,
Armando (Tanner)  Martinez,img/NA.jpg,Sign of the Times,Acrylic Paint,Painting,1/1/91 0:00,Holly Street Power Plant,2400 Holly St,78702,30.2512,-97.71962,,,
Peter  Mangan,img/SkyGates.JPG,Sky Gates,"Copper, Brass, Steel, Glass",Mixed Media,1/1/00 0:00,EMS Station 14,7200 Berkman Dr,78752,30.325264,-97.689283,,,
T. Paul  Hernandez,img/snakeculvert.JPG,Snake Culvert,Cast Concrete,Sculpture,1/1/90 0:00,Central Access Television Facility,1143 Northwestern Ave,78702,30.269439,-97.715215,,,
Benito  Huerta,img/snakepath.JPG,Snake Path,Brick Pavers,Landscape,1/1/07 0:00,Emma S. Barrientos Mexican American Cultural Center,600 River St,78701,30.258163,-97.740239,,,
Judd Graham,img/Spin.JPG,Spin,Mild Steel,Sculpture,1/1/17 0:00,Second Street Bridge and Extension,W 2nd Street Extension,78701,30.266177,-97.751203,,,
David  Newton,img/NA.jpg,Spirit of Hope,Bronze,Sculpture,1/1/00 0:00,Millennium Youth Entertainment Complex,1156 Hargrave St,78702,30.271834,-97.710959,,,
James  Tisdale,img/NA.jpg,Squirrley,Terracotta,Sculpture,1/1/08 0:00,City Hall and Public Plaza,301 W Second St,78701,30.265,-97.74651,,,
Rachel Wolfson Smith,img/NA.jpg,Station 7,graphite on paper,Drawing,1/1/17 0:00,Fire Station 7,201 Chicon St,78702,30.258382,-97.724006,,,
Rachel Wolfson Smith,img/NA.jpg,Station 22,enamel paint on aluminum,Painting,1/1/17 0:00,Fire Station 22,5309 E Riverside Dr,78741,30.229501,-97.713222,,,
Ann  Armstrong,img/NA.jpg,Stem Rack,Mild Steel,Sculpture,1/1/12 0:00,Congress Avenue Streetscape,107 E 2nd St,78701,30.264101,-97.743671,,,
Ralph  Helmick,img/NA.jpg,Stevie Ray Vaughan,Bronze,Sculpture,1/1/94 0:00,Vic Mathias Shores,800 W Riverside Dr,78704,30.263113,-97.750675,,,
Margie  Crisp,img/swallowsuite.JPG,Swallow Suite,Linocut,Print,1/1/96 0:00,Learning and Research Center,2800 Spirit of Texas Dr,78719,30.2116,-97.66992,,,
Damian  Priour,img/NA.jpg,Symbol Bowl,"Limestone, Glass",Sculpture,1/1/04 0:00,Cultural Arts Division Offices,201 E 2nd St,78701,30.26361,-97.74299,,,
Jill  Bedgood,img/NA.jpg,Texas Botanicals,Oil On Canvas,Painting,1/1/98 0:00,Austin Convention Center,500 E Cesar Chavez St,78701,30.264007,-97.740225,,,
Kelly  Fearing,img/collector.JPG,The Collector Revisited,Photogravure,Print,1/1/97 0:00,Learning and Research Center,2800 Spirit of Texas Dr,78719,30.2116,-97.66992,,,
"Beverly  Penn,  Steve  Wiman",img/NA.jpg,The Community Core Sample Project & The Threshold Project,"Mixed Media, Found Objects, Photographs",Mixed Media,1/1/02 0:00,St. Johns Community Center,7500 Blessing Ave,78752,30.332823,-97.693701,,,
Jorge  Pardo,img/NA.jpg,The Courtyard,Hand-painted Ceramic Tile Mural,Mosaic,1/1/88 0:00,Conley-Guerrero Senior Activity Center,808 Nile St,78702,30.265621,-97.711117,,,
Terese M. St. Arnauld,img/NA.jpg,The Cyclist,Silver Gelatin Print,Print,1/1/99 0:00,Health and Human Services Betty Dunkerley Campus,7201 Levander Loop,78702,30.253828,-97.689018,,,
Alonso  Rey-Sanchez,img/thefamily.JPG,The Family / La Familia,Mineral Paint On Cement Board,Painting,1/1/11 0:00,E. Seventh Street Obelisco at Pedernales,E 7th and Pedernales,78702,30.260907,-97.713733,,,
Jill  Bedgood,img/NA.jpg,The Life of Waller Creek and Lady Bird Lake,"Back-painted And Etched Glass Tiles, Wooden Tiles",Mixed Media,1/1/12 0:00,Waller Creek Boathouse,74 Trinity St,78701,30.26065,-97.741872,,,
Geoffrey  Graham,img/NA.jpg,The Prophesy of Peace,Serigraph,Print,1/1/86 0:00,City Hall and Public Plaza,301 W Second St,78701,30.26492,-97.74714,,,
"Margaret Heffernan, Michael  Heffernan,  Faith  Schexnayder,  Sara  Twaddle",img/NA.jpg,The Reading Chair,"Ceramic And Glass Tiles, Concrete Masonry Unit",Mixed Media,1/1/11 0:00,McBeth Recreation Center,2401 Columbus Dr,78746,30.266724,-97.778372,,,
Aly  Winningham,img/theroots.JPG,The Roots/ Las raices,Glass And Metal On Cement Board,Mixed Media,1/1/11 0:00,E. Seventh Street Obelisco at Chicon,E 7th and Chicon,78702,30.26256,-97.72213,,,
John  Christensen,img/NA.jpg,The Source,"Bronze, Granite, Concrete",Sculpture,1/1/94 0:00,Waller Creek Center,625 E Tenth St,78701,30.269775,-97.734988,,,
Doug  Brown,img/NA.jpg,The Unsung,Acrylic Paint,Painting,1/1/01 0:00,Kenneth Gardner Service Center,4108 Todd Ln,78744,30.211902,-97.737986,,,
Fidencio  Duran,img/NA.jpg,The Visit,9 Acrylic On Canvas Panels,Painting,1/1/99 0:00,Austin Bergstrom International Airport,3600 Presidential Blvd,78719,30.2024,-97.66791,,,
Benge  Elliott,img/NA.jpg,Three Sheep,Steel,Sculpture,1/1/03 0:00,City Hall and Public Plaza,301 W Second St,78701,30.26466,-97.7475,,,
Mikyoung  Kim,img/NA.jpg,Time Lines,Digital Prints On Acrylic 20 LPI Lenticular Lens Mounted On Dibond Backing,Print,1/1/14 0:00,Austin Bergstrom International Airport,3600 Presidential Blvd,78719,30.202211,-97.665904,,,
Sandra  Fiedorek,img/NA.jpg,To Parts Unknown,Tarmac Paint And Glass Beads On Wood Panels,Painting,1/1/99 0:00,Austin Bergstrom International Airport,3600 Presidential Blvd,78719,30.20208,-97.66698,,,
Connie  Arismendi,img/Estamos.JPG,Trail of Tejano Legends: !Estamos en Tejas!,Aluminum,Sculpture,1/1/08 0:00,Butler Hike and Bike Trail at Lady Bird Lake,2711 Canterbury St,78702,30.251227,-97.714216,,,
Connie  Arismendi,img/Tenderly.JPG,Trail of Tejano Legends: Tenderly,Aluminum,Sculpture,1/1/08 0:00,Butler Hike and Bike Trail at Lady Bird Lake,1621 Nash Hernandez Sr Rd,78702,30.249331,-97.73015,,,
Connie  Arismendi,img/cancion.JPG,Trail of Tejano Legends: Una Cancion de Fe y Familia,Aluminum,Sculpture,1/1/08 0:00,Emma S. Barrientos Mexican American Cultural Center,600 River St,78701,30.258003,-97.740848,,,
James  Talbot,img/NA.jpg,Transition,"Ceramic, Stone, Colored Mirror, Glass",Mixed Media,1/1/06 0:00,Austin Bergstrom International Airport,3600 Presidential Blvd,78719,30.20302,-97.66738,,,
Bill  Wiman,img/NA.jpg,Transitions,Oil On Canvas,Painting,1/1/90 0:00,Medic 3 Quarters,600 River St,78701,,,,,
Jimmy  Jalapeeno,img/NA.jpg,Tree on Barton Creek,Oil On Canvas,Painting,1/1/93 0:00,Cultural Arts Division Offices,201 E 2nd St,78701,30.26404,-97.7424,,,
Lars  Stanley,img/NA.jpg,Tribute to Gus Garcia,Forged Steel And Stone Desk Surround,Sculpture,1/1/08 0:00,Gus Garcia Recreation Center,1201 E Rundberg Ln,78753,30.352593,-97.682049,,,
Chris  Levack,img/NA.jpg,Trilobite Shade,"Rolled Angle Iron, Straight T-iron Members, Ipe Wood Louvers, An ACQ-treated Lumber Nailer System, And A Black Stained Ipe Wedge Network.",Mixed Media,1/1/11 0:00,Heath Eiland and Morgan Moss BMX Skate Park,1213 Shoal Creek Blvd,78701,30.277087,-97.74971,,,
Bruce  Wolfe,img/NA.jpg,True Patriot: Barbara Jordan Memorial Statue,Bronze,Sculpture,1/1/02 0:00,Austin Bergstrom International Airport,3600 Presidential Blvd,78719,30.20217,-97.66702,,,
John  Christensen,img/TurtlePlaza.JPG,Turtle Plaza/Plaza de las Tortugas,Concrete,Sculpture,1/1/12 0:00,Roy G. Guerrero Colorado River Park,400 Grove Blvd,78741,30.243525,-97.701373,,,
Garth  Edwards,img/NA.jpg,Untitled,Lead Stained Glass Window,Misc,1/1/88 0:00,Conley-Guerrero Senior Activity Center,808 Nile St,78702,30.265669,-97.711056,,,
Malou  Flato,img/NA.jpg,Untitled,Painted Ceramic Tile Mural,Painting,1/1/93 0:00,Waller Creek Center,625 E Tenth St,78701,30.26976,-97.734562,,,
David  Ellis,img/NA.jpg,Untitled,"Cor-ten Steel, Limestone, Wood",Mixed Media,1/1/80 0:00,Dougherty Arts Center,1110 Barton Springs Rd,78704,30.260643,-97.755996,,,
Arlene  Polite,img/NA.jpg,Untitled,Acrylic Paint,Painting,1/1/92 0:00,Holly Street Power Plant,2400 Holly St,78702,30.251328,-97.720279,,,
Paul  Siebenaler,img/NA.jpg,Untitled (Chris Kern Memorial),Granite Bench With Inscription And Surrounding Masonry,Landscape,1/1/92 0:00,Butler Hike and Bike Trail at Lady Bird Lake,200 S Lamar Blvd,78704,30.265044,-97.757176,,,
Stephen  Ray,img/NA.jpg,Untitled (Gargoyles),"Fiberglass, Clay",Mixed Media,1/1/90 0:00,Zachary Scott Theatre,1510 Toomey Rd,78704,30.26403,-97.758689,,,
David  Santos,img/NA.jpg,Untitled (Guerilla Carvings),Limestone Carvings,Sculpture,1/1/83 0:00,Waller Creek Walkway,500 E Cesar Chavez St,78701,30.26391,-97.739515,,,
Deborah  Mersky,img/NA.jpg,Untitled {Utility Box Cover 1),Cut Aluminum Panels,Sculpture,1/1/09 0:00,Cesar Chavez Streetscape,Cesar Chavez at S First St,78701,30.263903,-97.746876,,,
Deborah  Mersky,img/NA.jpg,Untitled {Utility Box Cover 2),Cut Aluminum Panels,Sculpture,1/1/09 0:00,Cesar Chavez Streetscape,Cesar Chavez at S First St,78701,30.264208,-97.748134,,,
Michael Singer Studio,img/NA.jpg,Uplifted Ground,"Cast Concrete, Steel Cable, Granite, Stainless Steel, Copper, LED Lighting",Mixed Media,1/1/15 0:00,Austin Bergstrom International Airport,3600 Presidential Blvd,78719,30.204077,-97.667137,,,
Margarita  Cabrera,img/NA.jpg,Uprooted Dreams,Acrylic On Found Wood Pieces,Painting,1/1/12 0:00,Emma S. Barrientos Mexican American Cultural Center,600 River St,78701,30.258154,-97.740004,,,
Sun  McColgin,img/UrbanCanyon.JPG,Urban / Canyon,"Stainless Steel, Stained Concrete, Glass",Mixed Media,1/1/11 0:00,Second Street District,W Second St,78701,30.264774,-97.745592,,,
Shawn  Smith,img/NA.jpg,Vicious Venue,"Painted Balsa Wood, Found Objects (phone, Film Canisters, Film Rolls)",Mixed Media,1/1/08 0:00,City Hall and Public Plaza,301 W Second St,78701,30.26479,-97.74664,,,
Martha  Gannon,img/NA.jpg,View from the Mayors Window,"Metallic Prints, Stainless Steel, Plexiglas",Print,1/1/05 0:00,City Hall and Public Plaza,301 W Second St,78701,30.26496,-97.74719,,,
Doug  Jacques,img/NA.jpg,Vision,Acrylic On Canvas,Painting,1/1/94 0:00,City Municipal Building,124 W 8th St,78701,30.270468,-97.742932,,,
John  Fisher,img/voyage.JPG,Voyage to Soulsville (Sesquicentennial Mural),Acrylic Paint,Painting,1/1/86 0:00,George Washington Carver Branch Library,1161 Angelina St,78702,30.26954,-97.724074,,,
Judy  Jensen,img/NA.jpg,Voyages,6 Mixed Media Reverse Paintings On Glass,Painting,1/1/99 0:00,Austin Bergstrom International Airport,3600 Presidential Blvd,78719,30.20229,-97.66799,,,
Tre  Arenz,img/WallOfHands.JPG,Wall of Hands,Handmade Ceramic Tiles,Mosaic,1/1/94 0:00,St. Elmo Service Center,4411 Meinardus Dr,78744,30.211988,-97.751525,,,
Damian  Priour,img/NA.jpg,Waller Creek Shelves,Blown Glass Vessels With Found Object Sculptures On Carved Limestone And Glass Shelves.,Mixed Media,1/1/96 0:00,Austin Convention Center,500 E Cesar Chavez St,78701,30.262322,-97.739818,,,
"Chris Gannon,  Brockett Davidson,  Chadwick Wood",img/wander.JPG,Wander,"Interactive Digital Media, Painted Steel",Misc,1/1/17 0:00,Central Library,710 W Cesar Chavez St.,78701,30.266295,-97.751593,,,
Alan  Knox,img/WaterTowerBikeRack.JPG,Water Tower Bike Rack,Painted Steel,Painting,1/1/14 0:00,Westenfield Pool,2000 Enfield Rd,78703,30.286894,-97.764231,,,
Bethany  Cobb,img/NA.jpg,We Regret to Inform You,"Cotton Sateen, Netting, Cotton Thread, Dressmakers Dummy",Mixed Media,1/1/10 0:00,City Hall and Public Plaza,301 W Second St,78701,30.26482,-97.74731,,,
Hank  Waddell,img/NA.jpg,West Texas Beach Ball,Mesquite Wood,Sculpture,1/1/04 0:00,City Hall and Public Plaza,301 W Second St,78701,30.26482,-97.74731,,,
Claudia  Reese,img/wholiveshere.JPG,Who  Lives Here? / Quien vive aqui?,Stoneware On Cement Board,Sculpture,1/1/11 0:00,E. Seventh Street Obelisco at Calles,E 7th and Calles,78702,30.260586,-97.711636,,,
Clete  Shields,img/willie.jpg,Willie Nelson,Bronze,Sculpture,1/1/12 0:00,Moody Theatre,310 W Second St,78701,30.26536,-97.747295,,,
George R. Bob  Brooking,img/NA.jpg,Willie Nunn,Bronze,Sculpture,1/1/91 0:00,PARD Main Offices,200 S Lamar Dr,78704,30.265305,-97.760023,,,
Andrew  Ortiz,img/NA.jpg,Worker,Archival Giclee Print,Print,1/1/00 0:00,Health and Human Services Betty Dunkerley Campus,7201 Levander Loop,78702,30.253828,-97.689018,,,
Belinda  Casey,img/x.JPG,X,Solarplate Etching,Sculpture,1/1/97 0:00,Learning and Research Center,2800 Spirit of Texas Dr,78719,30.2116,-97.66992,,,
James  Talbot,img/EssentialMagnificence.JPG,Your Essential Magnificence,"Ferro Cement, Ceramic Tile, Glass, Concrete, Found Objects",Mixed Media,1/1/11 0:00,South Congress Avenue,2130 1/2 S Congress Ave.,78704,30.241872,-97.752738,,,
"Lars  Stanley,  Louis Jr  Herrera",img/NA.jpg,Zilker Garden Main Entry Gate,Painted And Forged Mild Steel,Mixed Media,1/1/95 0:00,Zilker Botanical Gardens,2220 Barton Springs Rd,78746,30.268413,-97.772358,,,