Artist,Artwork Title,Material,Artwork Date,Artwork Location,Location Street Address,Location City,Location State,Location Zip Code,Latitude,Longitude,Web Page,Location
Bob  Coffee,"""And He Was Sad""","Bronze, On Stone Base (dims Are Sculpture Only)",01/01/2007 12:00:00 AM,Eastwoods Park,3001 Harris Park Ave,Austin,TX,78705,30.29051,-97.731772,http://www.publicartarchive.org/work/and-he-was-sad,"(30.29051, -97.731772)"
Will  Larson,¡ Mira !,"Copper, Aluminum, Neon",01/01/2000 12:00:00 AM,"Lorraine ""Grandma"" Camacho Activity Center",34 Robert Martinez Jr St,Austin,TX,78702,30.185228000000002,-97.732321,http://www.publicartarchive.org/work/%C2%A1mira,"(30.185228000000002, -97.732321)"
"Sandra  Fiedorek,  David  Heymann",56- (Fifty-six Inches),Mixed Media,01/01/1996 12:00:00 AM,Howson Branch Library,2500 Exposition Blvd,Austin,TX,78703,30.298241000000004,-97.767602,http://www.publicartarchive.org/work/56-fiftysix-inches,"(30.298241000000004, -97.767602)"
"Holli  Brown,  Pascal  Simon",A Day in the Park,"Handmade Ceramic Tiles, Glass Tiles",01/01/2013 12:00:00 AM,Shipe Neighborhood Park,4400 Ave G,Austin,TX,78751,30.307424,-97.727335,http://www.publicartarchive.org/work/day-park,"(30.307424, -97.727335)"
Freddie  McCoo,A River Runs Thru Us,Acrylic On Panel,01/01/2004 12:00:00 AM,George Washington Carver Branch Library,1161 Angelina St,Austin,TX,78702,30.269540000000003,-97.724074,http://www.publicartarchive.org/work/river-runs-thru-us,"(30.269540000000003, -97.724074)"
Sten Lex,Accordion 16,Exterior Latex On Concrete,01/01/2016 12:00:00 AM,Seaholm Retaining Wall,211 Walter Seaholm Dr,Austin,TX,78701,30.266835000000004,-97.75322700000001,,"(30.266835000000004, -97.75322700000001)"
Pat  Oliphant,Angelina Eberly,"Bronze, Granite",01/01/2004 12:00:00 AM,Congress Avenue Streetscape,612 Congress Ave,Austin,TX,78701,30.268631000000003,-97.742723,http://www.publicartarchive.org/work/angelina-eberly,"(30.268631000000003, -97.742723)"
"LaMa Ventures: Philip Lamb, Susan Magilow  ",Aquifer,"Glass, Limestone, Aluminum",01/01/2014 12:00:00 AM,Second Street District,W Second St,Austin,TX,78701,30.263735000000004,-97.741876,http://www.publicartarchive.org/work/aquifer-0,"(30.263735000000004, -97.741876)"
Colin  McIntyre,Arboreal Passage,"Steel, Bronze, Copper, Limestone, Wood",01/01/2011 12:00:00 AM,Austin Nature and Science Center,301 Nature Center Dr,Austin,TX,78746,30.272191000000003,-97.773401,http://www.publicartarchive.org/work/arboreal-passage,"(30.272191000000003, -97.773401)"
"Emily  Little,  Shea  Little, Jana Swec, Steve Wiman",ARFF! Tré Arenz Memorial,"Ceramic Tiles, Rocks, Cement, Paint",01/01/2006 12:00:00 AM,Butler Hike and Bike Trail at Lady Bird Lake,621 W Cesar Chavez,Austin,TX,78701,30.264662,-97.750122,http://www.publicartarchive.org/work/arff-arenz-memorial,"(30.264662, -97.750122)"
Judd Graham,Array #1,Mild Steel,01/01/2017 12:00:00 AM,Second Street Bridge and Extension,W 2nd Street Extension,Austin,TX,78701,30.266444000000003,-97.75188200000001,,"(30.266444000000003, -97.75188200000001)"
Judd Graham,Array #2,Mild Steel,01/01/2017 12:00:00 AM,Second Street Bridge and Extension,W 2nd Street Extension,Austin,TX,78701,30.266432000000002,-97.751859,,"(30.266432000000002, -97.751859)"
Judd Graham,Array #3,Mild Steel,01/01/2017 12:00:00 AM,Second Street Bridge and Extension,W 2nd Street Extension,Austin,TX,78701,30.266426000000003,-97.751833,,"(30.266426000000003, -97.751833)"
Judd Graham,Array #4,Mild Steel,01/01/2017 12:00:00 AM,Second Street Bridge and Extension,W 2nd Street Extension,Austin,TX,78701,30.266293000000005,-97.751694,,"(30.266293000000005, -97.751694)"
Judd Graham,Array #5,Mild Steel,01/01/2017 12:00:00 AM,Second Street Bridge and Extension,W 2nd Street Extension,Austin,TX,78701,30.266288000000003,-97.75166800000001,,"(30.266288000000003, -97.75166800000001)"
Judd Graham,Array #6,Mild Steel,01/01/2017 12:00:00 AM,Second Street Bridge and Extension,W 2nd Street Extension,Austin,TX,78701,30.266384000000002,-97.751343,,"(30.266384000000002, -97.751343)"
Judd Graham,Array #7,Mild Steel,01/01/2017 12:00:00 AM,Second Street Bridge and Extension,W 2nd Street Extension,Austin,TX,78701,30.266364000000003,-97.75130800000001,,"(30.266364000000003, -97.75130800000001)"
Judd Graham,Array #8,Mild Steel,01/01/2017 12:00:00 AM,Second Street Bridge and Extension,W 2nd Street Extension,Austin,TX,78701,30.266444000000003,-97.751182,,"(30.266444000000003, -97.751182)"
Judd Graham,Array #9,Mild Steel,01/01/2017 12:00:00 AM,Second Street Bridge and Extension,W 2nd Street Extension,Austin,TX,78701,30.266346000000002,-97.751239,,"(30.266346000000002, -97.751239)"
Elizabeth  Busch,Aurora,Fiber Wall Hanging,01/01/1988 12:00:00 AM,Conley-Guerrero Senior Activity Center,808 Nile St,Austin,TX,78702,30.265621000000003,-97.711117,http://www.publicartarchive.org/work/aurora-3,"(30.265621000000003, -97.711117)"
Young-Min Kang,Austin  Downtown Cruiser (Day),Laminated Digital Prints Adhered To Shaped Aluminum Composite Panels Attached To Wooden Framework,01/01/2009 12:00:00 AM,Austin Bergstrom International Airport,3600 Presidential Blvd,Austin,TX,78719,30.2021,-97.66808,http://www.publicartarchive.org/work/austin-downtown-cruiser-day-and-austin,"(30.2021, -97.66808)"
Young-Min Kang,Austin Downtown Cruiser (Night),"Digital Prints On Shaped Aluminum Composite, Steel, Wood",01/01/2009 12:00:00 AM,Austin Bergstrom International Airport,3600 Presidential Blvd,Austin,TX,78719,30.202070000000003,-97.66554000000001,http://www.publicartarchive.org/work/austin-downtown-cruiser-day-and-austin,"(30.202070000000003, -97.66554000000001)"
Debra  Prather Samples,Austin Music Flows,Mixed Media Collage And Paint On Fiberglass,01/01/2006 12:00:00 AM,Austin Bergstrom International Airport,3600 Presidential Blvd,Austin,TX,78719,30.202080000000002,-97.66698000000001,http://www.publicartarchive.org/work/gibson-guitars,"(30.202080000000002, -97.66698000000001)"
Twyla  Arthur,Autumn Ponds,Stone Tiles,01/01/2002 12:00:00 AM,Palmer Events Center,900 Barton Springs Rd,Austin,TX,78704,30.260197,-97.75334600000001,http://www.publicartarchive.org/work/autumn-ponds,"(30.260197, -97.75334600000001)"
Nan  Standish Blake,Backyard Boat,Giclée Print On Fujicolor Crystal Archive Paper,01/01/2003 12:00:00 AM,Health and Human Services Betty Dunkerley Campus,7201 Levander Loop,Austin,TX,78702,30.253828000000002,-97.689018,http://www.publicartarchive.org/work/backyard-boat,"(30.253828000000002, -97.689018)"
Matthew  Fuller,Beach Dogs,Selenium-toned Silver Gelatin Print,01/01/1996 12:00:00 AM,Health and Human Services Betty Dunkerley Campus,7201 Levander Loop,Austin,TX,78702,30.253828000000002,-97.689018,http://www.publicartarchive.org/work/beach-dogs,"(30.253828000000002, -97.689018)"
Ken  Little,Belting It Out,Bronze,01/01/2014 12:00:00 AM,Town Lake Boardwalk Trail,Town Lake Boardwalk Trail,Austin,TX,78702,30.248412000000002,-97.732405,http://www.publicartarchive.org/work/belting-it-out,"(30.248412000000002, -97.732405)"
David  Santos,Big Arch,Carved Limestone And Forged Iron Sculpture,01/01/1992 12:00:00 AM,Holly Street Power Plant,2400 Holly St,Austin,TX,78702,30.249858000000003,-97.72174700000001,http://www.publicartarchive.org/work/big-arch,"(30.249858000000003, -97.72174700000001)"
Ann  Adams,Big Chiller Blues,Glass Tiles,01/01/2005 12:00:00 AM,Austin Convention Center Parking Garage,601 E Fifth St,Austin,TX,78701,30.265147000000002,-97.736676,http://www.publicartarchive.org/work/big-chiller-blues-0,"(30.265147000000002, -97.736676)"
"Elena  Eidelberg,  Kathleen  Ash",Big Snake,Handmade Shaped Ceramic & Sandblasted Glass,01/01/1997 12:00:00 AM,Austin Nature and Science Center,301 Nature Center Dr,Austin,TX,78746,30.271908000000003,-97.774026,http://www.publicartarchive.org/work/big-snake,"(30.271908000000003, -97.774026)"
Caprice  Pierucci,Birch Cascade,"Birch, Pine",01/01/2009 12:00:00 AM,City Hall and Public Plaza,301 W Second St,Austin,TX,78701,30.264900000000004,-97.74681,,"(30.264900000000004, -97.74681)"
Stephanie  Strange,Black Well,"Mild Steel, Typewriter Keys",01/01/2010 12:00:00 AM,Twin Oaks Branch Library,1800 S Fifth Street,Austin,TX,78704,30.248697000000003,-97.762381,http://www.publicartarchive.org/work/black-well,"(30.248697000000003, -97.762381)"
Kincannon Studios,Blackbird,"Texas Limestone, Black Mineral Finish, Bronze",01/01/2017 12:00:00 AM,Republic Square Park,422 Guadalupe St,Austin,TX,78701,30.268006000000003,-97.747203,,"(30.268006000000003, -97.747203)"
Jerry  Defrese,Blackland,Galvanized Steel,01/01/1983 12:00:00 AM,George Washington Carver Museum and Cultural Center,1165 Angelina St,Austin,TX,78702,30.269968000000002,-97.72371100000001,http://www.publicartarchive.org/work/blackland,"(30.269968000000002, -97.72371100000001)"
Vy Ngo,Blue,"Oil, Acrylic On Canvas",01/01/2017 12:00:00 AM,City Hall and Public Plaza,301 W Second St,Austin,TX,78701,30.264900000000004,-97.74681,,"(30.264900000000004, -97.74681)"
Casey D. Cooper,Blue Gate,Painted Stainless Steel,01/01/2014 12:00:00 AM,Bartholomew Municipal Pool,1800 E 51st St,Austin,TX,78723,30.302685,-97.697185,http://www.publicartarchive.org/work/blue-gate,"(30.302685, -97.697185)"
Virginia  Fleck,Bounce,"Archival Digital Prints, Plexiglas",01/01/2013 12:00:00 AM,Cultural Arts Division Offices,201 E 2nd St,Austin,TX,78701,30.26395,-97.74311,http://www.publicartarchive.org/work/bounce,"(30.26395, -97.74311)"
Sodalitas Art Group,Brazos Sound Project #1,Powder Coated Steel With Electronic Audio Components,01/01/2016 12:00:00 AM,Brazos Street Streetscape,"Brazos Street and Cesar Chavez, west side",Austin,TX,78701,30.263250000000003,-97.74318000000001,,"(30.263250000000003, -97.74318000000001)"
Sodalitas Art Group,Brazos Sound Project #10,Powder Coated Steel With Electronic Audio Components,01/01/2016 12:00:00 AM,Brazos Street Streetscape,"Brazos south of 4th Street, east side",Austin,TX,78701,30.265470000000004,-97.74221,,"(30.265470000000004, -97.74221)"
Sodalitas Art Group,Brazos Sound Project #11,Powder Coated Steel With Electronic Audio Components,01/01/2016 12:00:00 AM,Brazos Street Streetscape,"Brazos between 3rd and 4th Street, east side",Austin,TX,78701,30.265300000000003,-97.74263,,"(30.265300000000003, -97.74263)"
Sodalitas Art Group,Brazos Sound Project #12,Powder Coated Steel With Electronic Audio Components,01/01/2016 12:00:00 AM,Brazos Street Streetscape,"Brazos north of 2nd Street, east side",Austin,TX,78701,30.264740000000003,-97.74285,,"(30.264740000000003, -97.74285)"
Sodalitas Art Group,Brazos Sound Project #13,Powder Coated Steel With Electronic Audio Components,01/01/2016 12:00:00 AM,Brazos Street Streetscape,"Brazos south of 2nd Street, east side",Austin,TX,78701,30.264300000000002,-97.74298,,"(30.264300000000002, -97.74298)"
Sodalitas Art Group,Brazos Sound Project #2,Powder Coated Steel With Electronic Audio Components,01/01/2016 12:00:00 AM,Brazos Street Streetscape,"Brazos south of 2nd Street, west side",Austin,TX,78701,30.264240000000004,-97.74303,,"(30.264240000000004, -97.74303)"
Sodalitas Art Group,Brazos Sound Project #3,Powder Coated Steel With Electronic Audio Components,01/01/2016 12:00:00 AM,Brazos Street Streetscape,"Brazos and 3rd Street, west side",Austin,TX,78701,30.264566000000002,-97.74276400000001,,"(30.264566000000002, -97.74276400000001)"
Sodalitas Art Group,Brazos Sound Project #4,Powder Coated Steel With Electronic Audio Components,01/01/2016 12:00:00 AM,Brazos Street Streetscape,"Brazos south of 4th Street, west side",Austin,TX,78701,30.264063000000004,-97.742608,,"(30.264063000000004, -97.742608)"
Sodalitas Art Group,Brazos Sound Project #5,Powder Coated Steel With Electronic Audio Components,01/01/2016 12:00:00 AM,Brazos Street Streetscape,"Brazos south of 5th Street (at the Onion), west side",Austin,TX,78701,30.266468000000003,-97.74144,,"(30.266468000000003, -97.74144)"
Sodalitas Art Group,Brazos Sound Project #6,Powder Coated Steel With Electronic Audio Components,01/01/2016 12:00:00 AM,Brazos Street Streetscape,"Brazos south of 7th Street, west side",Austin,TX,78701,30.267078,-97.741726,,"(30.267078, -97.741726)"
Sodalitas Art Group,Brazos Sound Project #7,Powder Coated Steel With Electronic Audio Components,01/01/2016 12:00:00 AM,Brazos Street Streetscape,"Brazos centered between 6th and 7th Streets, east side",Austin,TX,78701,30.26827,-97.74119,,"(30.26827, -97.74119)"
Sodalitas Art Group,Brazos Sound Project #8,Powder Coated Steel With Electronic Audio Components,01/01/2016 12:00:00 AM,Brazos Street Streetscape,"Brazos near 5th Street, east side",Austin,TX,78701,30.264526000000004,-97.742638,,"(30.264526000000004, -97.742638)"
Sodalitas Art Group,Brazos Sound Project #9,Powder Coated Steel With Electronic Audio Components,01/01/2016 12:00:00 AM,Brazos Street Streetscape,"Brazos centered between 4th and 5th Streets, east side",Austin,TX,78701,30.266240000000003,-97.742041,,"(30.266240000000003, -97.742041)"
Roy  Mata,Buba at Barton Springs,Photographic C-print,01/01/2003 12:00:00 AM,City Hall and Public Plaza,301 W Second St,Austin,TX,78701,30.264900000000004,-97.74681,,"(30.264900000000004, -97.74681)"
Ryan Montgomery,Buttermilk Pie,Oil On Canvas,01/01/2016 12:00:00 AM,City Hall and Public Plaza,301 W Second St,Austin,TX,78701,30.264750000000003,-97.74729,,"(30.264750000000003, -97.74729)"
Susan  Wallace,Cardinal Points: North-South-East-West,Powder Coated Aluminum And Stainless Steel,01/01/2011 12:00:00 AM,E. Seventh Street Obelisco at Webberville Rd,E 7th and Webberville Rd,Austin,TX,78702,30.261434,-97.71720400000001,http://www.publicartarchive.org/work/cardinal-points-northeastsouthwest-pun,"(30.261434, -97.71720400000001)"
Claudia Goldman,Cattails and Coneflower,Weathered Steel,01/01/2005 12:00:00 AM,Zilker Botanical Gardens,2220 Barton Springs Rd,Austin,TX,78746,30.268990000000002,-97.77281,http://www.publicartarchive.org/work/cattails-and-coneflower-0,"(30.268990000000002, -97.77281)"
Christian  Moeller,CAW,"Aluminum Honeycomb Composite Construction, Finished With A Sprayed Catalyzed Urethane Paint System",01/01/2016 12:00:00 AM,Central Library,710 W Cesar Chavez St.,Austin,TX,78701,30.265840000000004,-97.750235,,"(30.265840000000004, -97.750235)"
Twyla  Arthur,Celebrating Traditions,"Ceramic Tile, Metal, Rocks",01/01/2002 12:00:00 AM,Springdale Park,1175 Nickols Ave,Austin,TX,78721,30.277456000000004,-97.684222,http://www.publicartarchive.org/work/celebrating-traditions,"(30.277456000000004, -97.684222)"
"Jill  Bedgood,  Steve  Wiman",Community Quilt,Broken China And Tile Mosaics,01/01/1995 12:00:00 AM,South Austin Senior Activity Center,3911 Manchaca Rd,Austin,TX,78704,30.233339000000004,-97.78459600000001,http://www.publicartarchive.org/work/community-quilt,"(30.233339000000004, -97.78459600000001)"
Jill  Bedgood,Community Screen: Charms,"Aluminum, Stainless Steel, Paint",01/01/2012 12:00:00 AM,Northwest Recreation Center,2913 Northland Dr,Austin,TX,78756,30.333817,-97.751796,http://www.publicartarchive.org/work/community-screen-charms,"(30.333817, -97.751796)"
Ben  Livingston,Confabulating Orbits,Neon And Copper,01/01/1996 12:00:00 AM,Austin Convention Center,500 E Cesar Chavez St,Austin,TX,78701,30.262721000000003,-97.740769,http://www.publicartarchive.org/work/confabulating-orbits,"(30.262721000000003, -97.740769)"
Nan  Standish Blake,Connected,Giclée Print On Fujicolor Crystal Archive Paper,01/01/2003 12:00:00 AM,Health and Human Services Betty Dunkerley Campus,7201 Levander Loop,Austin,TX,78702,30.253828000000002,-97.689018,http://www.publicartarchive.org/work/connected,"(30.253828000000002, -97.689018)"
"Sadi  Brewton,  Jonathan  Davies",Cow River,"Solar Lights (19) Inscribed With Town Names, Saw Cut Lines In Existing Concrete",01/01/2014 12:00:00 AM,Second Street District,310 W 2nd St,Austin,TX,78701,30.265093000000004,-97.74670400000001,,"(30.265093000000004, -97.74670400000001)"
Werllayne Nunes,Creativity and Culture: A Celebration / Creatividad y Cultura: Una Celebración,"Mineral Paint On Cement Board, Mounted To Steel Frame",01/01/2014 12:00:00 AM,E. Seventh Street Obelisco at Northwestern,E 7th St at Northwestern,Austin,TX,78702,30.261069000000003,-97.714808,http://www.publicartarchive.org/work/creativity-and-culture-celebration-cre,"(30.261069000000003, -97.714808)"
"Mery Godigna Collet,  Luis R. Gutierrez",Crosswalk on the Lake,Median Street And Traffic Paint,01/01/2016 12:00:00 AM,Transportation Department,3701 Lake Austin Blvd,Austin,TX,78703,30.29417,-97.78246,,"(30.29417, -97.78246)"
Sharon  Engelstein,"Crullers (Big Mama Baby - comprised of Big Mama Baby, Little Mama and Tall Solo)",Pigmented Glass Fiber Reinforced Concrete Over Structural Foam And Steel Armature,01/01/2016 12:00:00 AM,Second Street Bridge and Extension,708-1/2 W 2nd St.,Austin,TX,78701,30.266464000000003,-97.75155000000001,,"(30.266464000000003, -97.75155000000001)"
Sharon  Engelstein,"Crullers (Little Mama - comprised of Big Mama Baby, Little Mama and Tall Solo)",Pigmented Glass Fiber Reinforced Concrete Over Structural Foam And Steel Armature,01/01/2016 12:00:00 AM,Second Street Bridge and Extension,708-1/2 W 2nd St.,Austin,TX,78701,30.266450000000003,-97.751605,,"(30.266450000000003, -97.751605)"
Sharon  Engelstein,"Crullers (Tall Solo - comprised of Big Mama Baby, Little Mama and Tall Solo)",Pigmented Glass Fiber Reinforced Concrete Over Structural Foam And Steel Armature,01/01/2016 12:00:00 AM,Second Street Bridge and Extension,215 West Ave.,Austin,TX,78701,30.267292,-97.751659,,"(30.267292, -97.751659)"
Jack L. Schuller,Crumley's Market,Acrylic On Canvas,01/01/1992 12:00:00 AM,City Hall and Public Plaza,301 W Second St,Austin,TX,78701,30.26479,-97.74729,http://www.publicartarchive.org/work/crumleys-market,"(30.26479, -97.74729)"
"Dharmesh  Patel,  Autumn J.  Ewalt",Crystalline #1,Stainless Steel,01/01/2013 12:00:00 AM,Colorado Streetscape,Colorado Street,Austin,TX,78701,30.266031,-97.745115,http://www.publicartarchive.org/work/crystalline,"(30.266031, -97.745115)"
"Dharmesh  Patel,  Autumn J.  Ewalt",Crystalline #2,Stainless Steel,01/01/2013 12:00:00 AM,Colorado Streetscape,Colorado Street,Austin,TX,78701,30.266748000000003,-97.744676,http://www.publicartarchive.org/work/crystalline,"(30.266748000000003, -97.744676)"
"Dharmesh  Patel,  Autumn J.  Ewalt",Crystalline #3,Stainless Steel,01/01/2013 12:00:00 AM,Colorado Streetscape,Colorado Street,Austin,TX,78701,30.268244000000003,-97.744283,http://www.publicartarchive.org/work/crystalline,"(30.268244000000003, -97.744283)"
"Dharmesh  Patel,  Autumn J.  Ewalt",Crystalline #4,Stainless Steel,01/01/2013 12:00:00 AM,Colorado Streetscape,Colorado Street,Austin,TX,78701,30.268760000000004,-97.744173,http://www.publicartarchive.org/work/crystalline,"(30.268760000000004, -97.744173)"
"Dharmesh  Patel,  Autumn J.  Ewalt",Crystalline #5,Stainless Steel,01/01/2017 12:00:00 AM,Colorado Streetscape,Colorado Street and Cesar Chavez Street,Austin,TX,78701,30.264017000000003,-97.745695,http://www.publicartarchive.org/work/crystalline,"(30.264017000000003, -97.745695)"
"Dharmesh  Patel,  Autumn J.  Ewalt",Crystalline #6,Stainless Steel,01/01/2017 12:00:00 AM,Colorado Streetscape,Colorado Street and 2nd Street,Austin,TX,78701,30.264939000000002,-97.745523,http://www.publicartarchive.org/work/crystalline,"(30.264939000000002, -97.745523)"
"Dharmesh  Patel,  Autumn J.  Ewalt",Crystalline #7,Stainless Steel,01/01/2017 12:00:00 AM,Colorado Streetscape,Colorado Street and 7th Street,Austin,TX,78701,30.269495000000003,-97.743657,http://www.publicartarchive.org/work/crystalline,"(30.269495000000003, -97.743657)"
"Dharmesh  Patel,  Autumn J.  Ewalt",Crystalline #8,Stainless Steel,01/01/2017 12:00:00 AM,Colorado Streetscape,Colorado Street and 8th Street,Austin,TX,78701,30.270443000000004,-97.74346,http://www.publicartarchive.org/work/crystalline,"(30.270443000000004, -97.74346)"
Jill  Bedgood,Currency,Bronze,01/01/2014 12:00:00 AM,Second Street District,W Second St,Austin,TX,78701,30.263715,-97.741873,http://www.publicartarchive.org/work/currency,"(30.263715, -97.741873)"
"Andrew Bellatti Green,  Adam  Pyrek",Cyclical Interplay,"Waterjet Cut Steel, Cast Concrete, Telemetry Components, Gears",01/01/2014 12:00:00 AM,Vic Mathias Shores,800 W Riverside Dr,Austin,TX,78704,30.260664000000002,-97.749049,http://www.publicartarchive.org/work/cyclical-interplay,"(30.260664000000002, -97.749049)"
Stanley Studio  ,Cypress Grove,"Stainless Steel, Concrete, Limestone, Drinking Fountain",01/01/2015 12:00:00 AM,Second Street District,W Second St,Austin,TX,78701,30.264309000000004,-97.743987,,"(30.264309000000004, -97.743987)"
Jennifer  Chenoweth,Dance of the Cosmos,"Concrete, Steel, Actuator, Solar Electrical Components",01/01/2015 12:00:00 AM,Patterson Park,4200 Brookview Rd,Austin,TX,78722,30.294774000000004,-97.708601,,"(30.294774000000004, -97.708601)"
Rene  Anguiano,Dawn to Dusk,14 Acrylic Paintings,01/01/1998 12:00:00 AM,Cepeda Branch Library,651 N Pleasant Valley Rd,Austin,TX,78702,30.259081000000002,-97.70890200000001,http://www.publicartarchive.org/work/dawn-dusk,"(30.259081000000002, -97.70890200000001)"
"Wanda  Montemayor,  Lisa Kay  Orr",Deep Eddy Mural Project,"Handmade Ceramic Tiles, Glass Tiles",01/01/2011 12:00:00 AM,Deep Eddy Pool,401 Deep Eddy Dr,Austin,TX,78703,30.277201,-97.772897,http://www.publicartarchive.org/work/deep-eddy-mural-project,"(30.277201, -97.772897)"
Will  Larson,Discovery,Metal And Limestone,01/01/2002 12:00:00 AM,Ruiz Branch Library,1600 Grove Blvd,Austin,TX,78702,30.229862000000004,-97.70701100000001,http://www.publicartarchive.org/work/discovery-0,"(30.229862000000004, -97.70701100000001)"
"Sandra  Fiedorek,  David  Heymann",Doctor Pangloss,20 Metal Trash Receptacles,01/01/1999 12:00:00 AM,Household Hazardous Waste Facility,3810 Todd Ln,Austin,TX,78744,30.213491,-97.737668,http://www.publicartarchive.org/work/doctor-pangloss,"(30.213491, -97.737668)"
Unknown Artist,Don Vito Alessio Robles,"Cast Bronze, Metal, Tile",01/01/2000 12:00:00 AM,Plaza Saltillo,408 Comal St,Austin,TX,78702,30.261929000000002,-97.727242,http://www.publicartarchive.org/work/don-vito-alessio-robles,"(30.261929000000002, -97.727242)"
Pio  Pulido,Dove and the Leaves of Healing,"Fiberglass, Concrete",01/01/1996 12:00:00 AM,EMS Station 4,1201 Webberville Rd,Austin,TX,78721,30.278090000000002,-97.68429800000001,http://www.publicartarchive.org/work/dove-and-leaves-healing,"(30.278090000000002, -97.68429800000001)"
Elisabet  Ney,Dr. David Thomas Iglehart,"Bronze, Limestone",01/01/1903 12:00:00 AM,Symphony Square,1101 Red River St,Austin,TX,78701,30.271352000000004,-97.73499600000001,http://www.publicartarchive.org/work/dr-david-thomas-iglehart,"(30.271352000000004, -97.73499600000001)"
David  Deming,Eagle ll,Weathered Steel,01/01/1976 12:00:00 AM,Faulk Central Library,800 Guadalupe St,Austin,TX,78701,30.271302000000002,-97.74601700000001,http://www.publicartarchive.org/work/eagle-ll,"(30.271302000000002, -97.74601700000001)"
Martin  Garcia,East Side Compass,"Cast Concrete, Stain",01/01/2011 12:00:00 AM,E. Seventh Street Obelisco at Pleasant Valley Rd.,E 7th and Pleasant Valley Rd,Austin,TX,78702,30.260070000000002,-97.709473,http://www.publicartarchive.org/work/east-side-compass-compas-del-este-de-a,"(30.260070000000002, -97.709473)"
Connie  Arismendi,El futuro es una página en blanco. Qué escribirás en ella?,Aquajet Cut Aluminum,01/01/2005 12:00:00 AM,Terrazas Branch Library,1105 E Cesar Chavez St,Austin,TX,78702,30.260012000000003,-97.733324,http://www.publicartarchive.org/work/el-futuro-es-una-p%C3%A1gina-en-blanco,"(30.260012000000003, -97.733324)"
"Murray Legge, Deborah Lewis, Andrea Legge  ",Elevated Prairie,"Steel Planters, Fountain, Earth Berms, And Native Landscaping",01/01/2004 12:00:00 AM,Central East Austin Police Substation,812 Springdale Rd,Austin,TX,78702,30.259173000000004,-97.699814,http://www.publicartarchive.org/work/elevated-prairie,"(30.259173000000004, -97.699814)"
Brad J. Goldberg,Every Place A History,"Red Granite, Texas Limestone",01/01/2011 12:00:00 AM,Health and Human Services Betty Dunkerley Campus,7201 Levander Loop,Austin,TX,78702,30.251847,-97.69050100000001,http://www.publicartarchive.org/work/every-place-history,"(30.251847, -97.69050100000001)"
Lars  Stanley,Fire in the Heart,"Steel Gate, Pillars And Light Sconces",01/01/1990 12:00:00 AM,Fire Station 17,4123 S First St,Austin,TX,78745,30.224806000000005,-97.770849,http://www.publicartarchive.org/work/fire-heart,"(30.224806000000005, -97.770849)"
Stefanie  Distefano,Flamingo Mitote,"Ceramic Tiles, Mirrored Tiles",01/01/2012 12:00:00 AM,Patterson Park,4201 Brookview Rd,Austin,TX,78722,30.296222000000004,-97.709338,http://www.publicartarchive.org/work/flamingo-mitote,"(30.296222000000004, -97.709338)"
Marla  Camp,Flights of Fancy,"Acrylic Paint, Metal",01/01/1998 12:00:00 AM,Yarborough Branch Library,2200 Hancock Dr,Austin,TX,78756,30.323427000000002,-97.740711,http://www.publicartarchive.org/work/flights-fancy,"(30.323427000000002, -97.740711)"
Laura  Garanzuay,Flow,Stainless Steel Hardware,01/01/2015 12:00:00 AM,Second Street District,W Second St,Austin,TX,78701,30.265400000000003,-97.74776200000001,,"(30.265400000000003, -97.74776200000001)"
Archaic (Kincannon Studios)  ,"For Jeep, With Love",Carved Limestone,01/01/2001 12:00:00 AM,Palmer Events Center,900 Barton Springs Rd,Austin,TX,78704,30.260248000000004,-97.753415,http://www.publicartarchive.org/work/jeep-love,"(30.260248000000004, -97.753415)"
Robert  Herrera,For La Raza,Acrylic Paint,01/01/1992 12:00:00 AM,Holly Street Power Plant,2400 Holly St,Austin,TX,78702,30.249525000000002,-97.72138,,"(30.249525000000002, -97.72138)"
"Hawkeye  Glenn,  Lizzie  Martinez","Formation, language, memory","Sunset Red Granite, Leuders Limestone, Steel Planters, Paint.",01/01/2010 12:00:00 AM,Joseph and Susanna Dickinson Hannig Museum,411 E Fifth St,Austin,TX,78701,30.26572,-97.738868,http://www.publicartarchive.org/work/formation-language-memory,"(30.26572, -97.738868)"
Robert  Levers,Four Terrorists Trapped in a Bullring,Soft Ground Etching,01/01/1993 12:00:00 AM,Learning and Research Center,2800 Spirit of Texas Dr,Austin,TX,78719,30.211600000000004,-97.66992,http://www.publicartarchive.org/work/four-terrorists-trapped-bullring,"(30.211600000000004, -97.66992)"
Paul  Sorey,Fractal Tree,Stainless Steel,01/01/2013 12:00:00 AM,Cirrus Logic Inc.,800 W Sixth St,Austin,TX,78701,30.270527,-97.750899,http://www.publicartarchive.org/work/fractal-tree,"(30.270527, -97.750899)"
Ben  Harman,Gear Grove,"Stainless Steel, Mild Steel, Found Objects (repurposed Bike Gears)",01/01/2013 12:00:00 AM,Congress Avenue Streetscape,818 Congress Avenue,Austin,TX,78701,30.270778000000004,-97.741969,http://www.publicartarchive.org/work/gear-grove,"(30.270778000000004, -97.741969)"
Victor  Gutierrez,General Ignacio Zaragoza,Bronze,01/01/1996 12:00:00 AM,Parque Zaragoza Recreation Center,2608 Gonzales St,Austin,TX,78702,30.261743000000003,-97.711567,http://www.publicartarchive.org/work/general-ignacio-zaragoza,"(30.261743000000003, -97.711567)"
Hunter  Cross,Geode,"Plaster, Glass, Electrical, Metal, Concrete",01/01/2014 12:00:00 AM,Northwest Greenway,4624 1/2 James Wheat St,Austin,TX,78723,30.30066,-97.704586,http://www.publicartarchive.org/work/geode,"(30.30066, -97.704586)"
Eddie  Dixon,Go Forth,Cast Bronze,01/01/2005 12:00:00 AM,George Washington Carver Museum and Cultural Center,1165 Angelina St,Austin,TX,78702,30.269565000000004,-97.724044,http://www.publicartarchive.org/work/go-forth,"(30.269565000000004, -97.724044)"
Urban Matter Inc.,Golden Afternoon,"Stainless Steel, Fiber Optic Cable, Light Emitting Diodes",01/01/2016 12:00:00 AM,Seaholm Parking Structure,211 Walter Seaholm Dr,Austin,TX,78701,30.267777000000002,-97.752855,http://www.publicartarchive.org/work/golden-afternoon,"(30.267777000000002, -97.752855)"
Unknown Artist,Granite Gates,Carved Granite,01/01/1998 12:00:00 AM,Zilker Botanical Gardens,2220 Barton Springs Rd,Austin,TX,78746,30.268810000000002,-97.77119,,"(30.268810000000002, -97.77119)"
Jimmy  Jalapeeno,Green Austin Series,7 Oil Paintings On Canvas,01/01/1990 12:00:00 AM,Austin Bergstrom International Airport,3600 Presidential Blvd,Austin,TX,78719,30.202270000000002,-97.66681000000001,http://www.publicartarchive.org/work/green-austin-series,"(30.202270000000002, -97.66681000000001)"
Berthold  Haas,Grotto Wall at Sparky Park,"Karst Stone, Steel, Mirror Balls, Various Stone, Aggregates, Masonry, Petrified Wood, Fossils, Seashells, Ceramic, Found Objects",01/01/2008 12:00:00 AM,Sparky Park,3701 Grooms St,Austin,TX,78705,30.299035000000003,-97.73219300000001,http://www.publicartarchive.org/work/grotto-wall-sparky-park-0,"(30.299035000000003, -97.73219300000001)"
Wanda  Gamble,Hidden Canyon,Oil On Canvas,01/01/1993 12:00:00 AM,Cultural Arts Division Offices,201 E 2nd St,Austin,TX,78701,30.263800000000003,-97.74222,http://www.publicartarchive.org/work/hidden-canyon,"(30.263800000000003, -97.74222)"
Deborah  Mersky,High Water Mark,Nineteen Stainless Steel Laser-cut Panels With Porcelain Enamel Insets,01/01/2008 12:00:00 AM,Cesar Chavez Streetscape,Cesar Chavez at S First St,Austin,TX,78701,30.264098000000004,-97.747932,http://www.publicartarchive.org/work/high-water-mark,"(30.264098000000004, -97.747932)"
Thomas  Evans,Hill of the Medicine Man,9 Oil On Canvas Panels,01/01/1999 12:00:00 AM,Austin Bergstrom International Airport,3600 Presidential Blvd,Austin,TX,78719,30.20239,-97.66621,http://www.publicartarchive.org/work/hill-medicine-man,"(30.20239, -97.66621)"
Raul  Valdez,Hillside Mural,Acrylic Paint On Existing Cement And Cinderblock Walls,01/01/1978 12:00:00 AM,Oswaldo A. B. Cantu/Pan American Hillside Theatre,2100 E Third St,Austin,TX,78702,30.258620000000004,-97.721557,http://www.publicartarchive.org/work/hillside-mural,"(30.258620000000004, -97.721557)"
Philippe  Klinefelter,Hour Glass Seating Arbor,"Granite, Steel, Landscaping",01/01/2006 12:00:00 AM,Rosewood-Zaragoza Neighborhood Center,2800 Webberville Rd,Austin,TX,78702,30.265427000000003,-97.710536,http://www.publicartarchive.org/work/hour-glass-seating-arbor,"(30.265427000000003, -97.710536)"
Margo  Sawyer,Index For Contemplation,Powder-coated Metal,01/01/2002 12:00:00 AM,Austin Convention Center,500 E Cesar Chavez St,Austin,TX,78701,30.263713000000003,-97.73970200000001,http://www.publicartarchive.org/work/index-contemplation,"(30.263713000000003, -97.73970200000001)"
Chris  Levack,Iron Wave,"Steel Ramp With Rolled Steel Pipe, Sheet And Rods, Painted, Concrete Foundation.",01/01/2011 12:00:00 AM,Heath Eiland and Morgan Moss BMX Skate Park,1213 Shoal Creek Blvd,Austin,TX,78701,30.277232,-97.749802,http://www.publicartarchive.org/work/iron-wave,"(30.277232, -97.749802)"
Priscilla  Robinson,"Italianos 1,2,3; Indian Land 1; Pueblo Trees; On the Way",Six Pastel Drawings,01/01/1990 12:00:00 AM,Cultural Arts Division Offices,201 E 2nd St,Austin,TX,78701,30.263650000000002,-97.7429,http://www.publicartarchive.org/work/italianos-123-indian-land-l-pueblo-tre,"(30.263650000000002, -97.7429)"
Juan Antonio  Lugo Villegas,Jose Maria Morelos y Pavon,"Bronze, Cast Cement Pedestal",01/01/2003 12:00:00 AM,Republic Square Park,422 Guadalupe St,Austin,TX,78701,30.267803000000004,-97.747648,http://www.publicartarchive.org/work/jose-maria-morelos-y-pavon,"(30.267803000000004, -97.747648)"
Sara  Hickman,Keep Austin Weird,Stickers And Paper On Fiberglass,01/01/2006 12:00:00 AM,Austin Bergstrom International Airport,3600 Presidential Blvd,Austin,TX,78719,30.202080000000002,-97.66698000000001,http://www.publicartarchive.org/work/gibson-guitars,"(30.202080000000002, -97.66698000000001)"
Misty  Keasler,"Kids in the Mirror, Orphanage at Svir Stroi, Svir Stroi, Russia",C-print On Fujicolor Crystal Archive Paper,01/01/2002 12:00:00 AM,Health and Human Services Betty Dunkerley Campus,7201 Levander Loop,Austin,TX,78702,30.253828000000002,-97.689018,http://www.publicartarchive.org/work/kids-mirror-orphanage-svir-stroi-svir-,"(30.253828000000002, -97.689018)"
"Roger  Colombik,  Jerolyn  Bahm-Colombik",La Fuente en Calle Segunda / The Spring of Second Street,"Bronze, Aluminum",01/01/2010 12:00:00 AM,Second Street District,W Second St,Austin,TX,78701,30.269920000000003,-97.74332,http://www.publicartarchive.org/work/la-fuente-en-calle-segundathe-spring-s,"(30.269920000000003, -97.74332)"
Delfin  Escalante,La Guitarra,Acrylic Paint And Marker On Fiberglass,01/01/2006 12:00:00 AM,Austin Bergstrom International Airport,3600 Presidential Blvd,Austin,TX,78719,30.202080000000002,-97.66698000000001,http://www.publicartarchive.org/work/gibson-guitars,"(30.202080000000002, -97.66698000000001)"
David  Serrano,La Pinata,Serigraph,01/01/1996 12:00:00 AM,Learning and Research Center,2800 Spirit of Texas Dr,Austin,TX,78719,30.211600000000004,-97.66992,http://www.publicartarchive.org/work/la-pinata,"(30.211600000000004, -97.66992)"
Fidencio  Duran,La Quinceanera- 15th Birthday,Acrylic Paint,01/01/1992 12:00:00 AM,Holly Street Power Plant,2400 Holly St,Austin,TX,78702,30.251077000000002,-97.719286,,"(30.251077000000002, -97.719286)"
Victoria  Smith,Lady Bird Johnson Wildflower Spring #1,Archival Iris Giclee Photograph On Somerset Watercolor Paper,01/01/1999 12:00:00 AM,Health and Human Services Betty Dunkerley Campus,7201 Levander Loop,Austin,TX,78702,30.253828000000002,-97.689018,http://www.publicartarchive.org/work/lady-bird-johnson-wildflower-spring-1-,"(30.253828000000002, -97.689018)"
Victoria  Smith,Lady Bird Johnson Wildflower Spring #2,Archival Iris Giclee Photograph On Somerset Watercolor Paper,01/01/1999 12:00:00 AM,Health and Human Services Betty Dunkerley Campus,7201 Levander Loop,Austin,TX,78702,30.253828000000002,-97.689018,http://www.publicartarchive.org/work/lady-bird-johnson-wildflower-spring-1-,"(30.253828000000002, -97.689018)"
Victoria  Smith,Lady Bird Johnson Wildflower Spring #3,Archival Iris Giclee Photograph On Somerset Watercolor Paper,01/01/1999 12:00:00 AM,Health and Human Services Betty Dunkerley Campus,7201 Levander Loop,Austin,TX,78702,30.253828000000002,-97.689018,http://www.publicartarchive.org/work/lady-bird-johnson-wildflower-spring-1-,"(30.253828000000002, -97.689018)"
Jim  Beckett,Lady Bird Lake: Morning,Archival Inkjet Print,01/01/2011 12:00:00 AM,City Hall and Public Plaza,301 W Second St,Austin,TX,78701,30.26479,-97.74729,,"(30.26479, -97.74729)"
Virginia  Fleck,Lamina Groove,Archival IRIS Giclée Print On Somerset Watercolor Paper,01/01/2002 12:00:00 AM,EMS Station 17 / Deep Eddy,2307 Foster Ave,Austin,TX,78703,30.277331000000004,-97.772569,http://www.publicartarchive.org/work/lamina-groove,"(30.277331000000004, -97.772569)"
"Leah Davis, Robert Gay, Jack Sanders  ",Lance Armstrong Bikeway ,"Powder Coated Steel, Solar Panel, Solar Controller, Concrete",01/01/2009 12:00:00 AM,Lance Armstrong Bikeway,From Veterans Dr/MoPac to 5th/Shady Lane,Austin,TX,,,,http://www.publicartarchive.org/work/lab,
Stefanie  Distefano,Larry Monroe Forever Mosaic,"Clay, Mirror, Found Objects",01/01/2015 12:00:00 AM,Bridge over Blunn Creek,1506 East Side Drive,Austin,TX,78704,30.247499,-97.7444,,"(30.247499, -97.7444)"
Martin  Garcia,Las Acciones del Pasado Aseguran el Exito Hacia el Futuro,Acrylic Paint,01/01/2004 12:00:00 AM,Oswaldo A. B. Cantu/Pan American Recreation Center,2100 E Third St,Austin,TX,78702,30.258079000000002,-97.720882,http://www.publicartarchive.org/work/las-acciones-del-pasado-aseguran-el-ex,"(30.258079000000002, -97.720882)"
John  Christensen,"Leaf, Pod & Samara",Cast Concrete,01/01/1999 12:00:00 AM,Austin Bergstrom International Airport,3600 Presidential Blvd,Austin,TX,78719,30.202240000000003,-97.66748000000001,http://www.publicartarchive.org/work/leaf-pod-and-samara,"(30.202240000000003, -97.66748000000001)"
Jimmy  Luu,Letterscape,Steel Landscape Edging With Planted Grasses,01/01/2008 12:00:00 AM,Health and Human Services Betty Dunkerley Campus,7201 Levander Loop,Austin,TX,78702,30.252586000000004,-97.6897,http://www.publicartarchive.org/work/letterscape-0,"(30.252586000000004, -97.6897)"
Rodolfo  Ybarra,Lone Star Gazebo,Galvanized Steel,01/01/1995 12:00:00 AM,Butler Hike and Bike Trail at Lady Bird Lake,700 W Cesar Chavez St,Austin,TX,78701,30.265813,-97.753598,http://www.publicartarchive.org/work/lone-star-gazebo,"(30.265813, -97.753598)"
"Sunyong  Chung,  Philippe  Klinefelter",Lotus,"Granite, Hand-made Ceramic Tiles",01/01/2013 12:00:00 AM,Asian American Resource Center,8401 Cameron Rd,Austin,TX,78754,30.339817,-97.68063500000001,http://www.publicartarchive.org/work/lotus,"(30.339817, -97.68063500000001)"
The Austin Group,Lou Neff Point Gazebo,"Round Steel Tubing, Iron",01/01/1993 12:00:00 AM,Butler Hike and Bike Trail at Lady Bird Lake,2100 Lou Neff Rd,Austin,TX,78746,30.267254,-97.76169,http://www.publicartarchive.org/work/lou-neff-point-gazebo,"(30.267254, -97.76169)"
Angel  Quesada,Lyons Road Pastoral Scene Mural,"Masonry, Latex Based Enamel Paint",01/01/2010 12:00:00 AM,Lyons Road Bridge,2828 Lyons Rd,Austin,TX,78702,30.261903000000004,-97.702233,,"(30.261903000000004, -97.702233)"
Rolando Briseño,Macro / Micro Culture,Giclee Print,01/01/2002 12:00:00 AM,Austin Convention Center,500 E Cesar Chavez St,Austin,TX,78701,30.263956000000004,-97.739478,http://www.publicartarchive.org/work/macromicro-culture,"(30.263956000000004, -97.739478)"
Ned  Kahn,Magnetic Column,"Carbon Steel, Tempered Glass, Neodymium Magnets, Magnetite Sand, Black Nylon Bushings",01/01/2012 12:00:00 AM,Austin Energy System Control Center,2500 Montopolis Dr,Austin,TX,78741,30.219972000000002,-97.708788,http://www.publicartarchive.org/work/magnetic-column,"(30.219972000000002, -97.708788)"
Armando (Tanner)  Martinez,Me Barrio,Acrylic Paint,01/01/1991 12:00:00 AM,Holly Street Power Plant,2400 Holly St,Austin,TX,78702,30.250904000000002,-97.71866200000001,,"(30.250904000000002, -97.71866200000001)"
Hugo  Villa,Memorial to the Great Builders of Texas,"Bronze, Granite, Concrete",01/01/1938 12:00:00 AM,ROW at 11th and Colorado,11th St and Colorado St,Austin,TX,78701,30.274459000000004,-97.742727,,"(30.274459000000004, -97.742727)"
L.W. Stolz Memorials,Memorial to the World War ll Dead,"Bronze, Granite",01/01/1949 12:00:00 AM,ROW at 11th and Colorado,11th St and Colorado St,Austin,TX,78701,30.273339000000004,-97.742756,http://www.publicartarchive.org/work/memorial-world-war-ll-dead,"(30.273339000000004, -97.742756)"
David  Kestenbaum,Merlin the Magical Sage,Carved Tree Stump,01/01/1991 12:00:00 AM,Eastwoods Park,3001 Harris Park Ave,Austin,TX,78705,30.290372,-97.731071,http://www.publicartarchive.org/work/merlin-magical-sage,"(30.290372, -97.731071)"
Armando (Tanner)  Martinez,Metz Pool House Mural,"Spray Paint, Airbrush",01/01/1990 12:00:00 AM,Metz Pool,2407 Canterbury St,Austin,TX,78702,30.252855000000004,-97.719154,http://www.publicartarchive.org/work/metz-pool-house-mural,"(30.252855000000004, -97.719154)"
Juan Antonio  Lugo Villegas,Miguel Hidalgo y Costilla,"Bronze, Cast Cement Pedestal",01/01/2003 12:00:00 AM,Republic Square Park,422 Guadalupe St,Austin,TX,78701,30.267788000000003,-97.747647,http://www.publicartarchive.org/work/miguel-hidalgo-y-costilla,"(30.267788000000003, -97.747647)"
Carl  Trominski,Moments,"Paint, Metal Reflective Panels",01/01/2003 12:00:00 AM,Lamar Bridge Underpass,300 N Lamar Blvd,Austin,TX,78703,30.269366,-97.754881,http://www.publicartarchive.org/work/moments,"(30.269366, -97.754881)"
Fidencio  Duran,Montopolis USA,Acrylic Paint On Board,01/01/2003 12:00:00 AM,Montopolis Neighborhood Center,1416 Montopolis Dr,Austin,TX,78741,30.229150000000004,-97.701347,,"(30.229150000000004, -97.701347)"
Shalena White,Mountain Laurel Mandala II,"Texas Mountain Laurel Seeds, Sewing Pins",01/01/2014 12:00:00 AM,City Hall and Public Plaza,301 W Second St,Austin,TX,78701,30.264820000100002,-97.7469559997,,"(30.264820000100002, -97.7469559997)"
Sharon Roy Finch,MusiCapital,"Graphite, Oils And Sealant On Fiberglass",01/01/2006 12:00:00 AM,Austin Bergstrom International Airport,3600 Presidential Blvd,Austin,TX,78719,30.202080000000002,-97.66698000000001,http://www.publicartarchive.org/work/gibson-guitars,"(30.202080000000002, -97.66698000000001)"
Howard  Weliver,Musician,Enamel On Fiberglass,01/01/2006 12:00:00 AM,Austin Bergstrom International Airport,3600 Presidential Blvd,Austin,TX,78719,30.202080000000002,-97.66698000000001,http://www.publicartarchive.org/work/gibson-guitars,"(30.202080000000002, -97.66698000000001)"
Dale  Whistler,Nightwing,"Painted Aluminum, Concrete, Steel",01/01/1998 12:00:00 AM,Congress Barton Springs Traffic Island,100 1/2 Barton Springs Rd.,Austin,TX,78704,30.259365000000003,-97.746412,http://www.publicartarchive.org/work/nightwing,"(30.259365000000003, -97.746412)"
Mark  Schatz,Nobody Writes Poetry About the Trinity,Cement,01/01/2014 12:00:00 AM,Second Street District,W Second St,Austin,TX,78701,30.263424000000004,-97.740781,http://www.publicartarchive.org/work/nobody-writes-poetry-about-trinity,"(30.263424000000004, -97.740781)"
Thoughtbarn,North Austin Community Garden,"Wood, Steel, Paint, PVC-coated Steel Wire, Garden Plan",01/01/2014 12:00:00 AM,North Austin Community Recreation Center,1000 W Rundberg Ln,Austin,TX,78758,30.364945000000002,-97.70027900000001,http://www.publicartarchive.org/work/north-austin-community-garden,"(30.364945000000002, -97.70027900000001)"
Pete  Castilleja,Nosotros,"Acrylic Paint On CMU Wall, Painted Wood Frame",01/01/1974 12:00:00 AM,Metz Recreation Center,2407 Canterbury St,Austin,TX,78702,30.252260000000003,-97.718377,http://www.publicartarchive.org/work/nosotros,"(30.252260000000003, -97.718377)"
John Patrick Cobb,O. Henry at Cards,"Pencil, Sumi Ink, Air Brush, Colored Varnish And White Enamel On Board; Cradled And Varnished With Matte Damar.",01/01/1993 12:00:00 AM,O. Henry Museum,409 E Fifth St,Austin,TX,78701,30.265758,-97.73913900000001,http://www.publicartarchive.org/work/o-henry-cards,"(30.265758, -97.73913900000001)"
Shelley  Wood,Odessa,Selenium-toned Silver Gelatin Print,01/01/2001 12:00:00 AM,Health and Human Services Betty Dunkerley Campus,7201 Levander Loop,Austin,TX,78702,30.253828000000002,-97.689018,http://www.publicartarchive.org/work/odessa,"(30.253828000000002, -97.689018)"
Gabel  Karsten,One by One,Multi-plate Aquatint,01/01/1996 12:00:00 AM,Learning and Research Center,2800 Spirit of Texas Dr,Austin,TX,78719,30.211600000000004,-97.66992,http://www.publicartarchive.org/work/one-one,"(30.211600000000004, -97.66992)"
R+R Studios,Open Room Austin,Powder-coated Aluminum,01/01/2010 12:00:00 AM,Sand Beach Park,200 Sandra Muraida Way,Austin,TX,78701,30.26705,-97.75474200000001,http://www.publicartarchive.org/work/open-room-austin,"(30.26705, -97.75474200000001)"
Materials Coalition,Opossum Temple and Voodoo Pew,Painted Steel And Cast Concrete,01/01/1993 12:00:00 AM,Butler Hike and Bike Trail at Lady Bird Lake,1125 W Cesar Chavez St,Austin,TX,78703,30.267760000000003,-97.75954300000001,http://www.publicartarchive.org/work/opossum-temple-and-voodoo-pew,"(30.267760000000003, -97.75954300000001)"
Ben  Appl,Our Hands / Nuestras Manos,Aluminum With Dye Oxides,01/01/2011 12:00:00 AM,E. Seventh St. Obelisco at Comal St.,E 7th and Comal St,Austin,TX,78702,30.263956000000004,-97.726108,http://www.publicartarchive.org/work/our-hands-nuestras-manos,"(30.263956000000004, -97.726108)"
James  Janknegt,Our Neighborhood,Oil On Canvas,01/01/1993 12:00:00 AM,Cultural Arts Division Offices,201 E 2nd St,Austin,TX,78701,30.263620000000003,-97.74299,http://www.publicartarchive.org/work/our-neighborhood,"(30.263620000000003, -97.74299)"
"Laurel  Butler,  Rita Starpattern",Outdoor Studio,Painted Stucco On Concrete Masonry Units,01/01/1990 12:00:00 AM,Central Access Television Facility,1143 Northwestern Ave,Austin,TX,78702,30.269588000000002,-97.71566800000001,http://www.publicartarchive.org/work/outdoor-studio,"(30.269588000000002, -97.71566800000001)"
Leticia Huerta,Padre Nuestro,Serigraph,01/01/1996 12:00:00 AM,Learning and Research Center,2800 Spirit of Texas Dr,Austin,TX,78719,30.211600000000004,-97.66992,http://www.publicartarchive.org/work/padre-nuestro,"(30.211600000000004, -97.66992)"
Fidencio  Duran,Parque Zaragoza Murals,Acrylic Paint,01/01/1996 12:00:00 AM,Parque Zaragoza Recreation Center,2608 Gonzales St,Austin,TX,78702,30.261743000000003,-97.711567,http://www.publicartarchive.org/work/parque-zaragoza-murals-comite-patriota,"(30.261743000000003, -97.711567)"
Erin  Curtis,Pedestrian Geometries #1,"Elgin-Butler Glazed Brick, Mortar, Grout",01/01/2013 12:00:00 AM,Third Street Streetscape,301 Brazos St,Austin,TX,78702,30.264994,-97.743148,http://www.publicartarchive.org/work/pedestrian-geometries,"(30.264994, -97.743148)"
Erin  Curtis,Pedestrian Geometries #10,"Elgin-Butler Glazed Brick, Mortar, Grout",01/01/2013 12:00:00 AM,Third Street Streetscape,301 Brazos St,Austin,TX,78702,30.265217000000003,-97.743373,http://www.publicartarchive.org/work/pedestrian-geometries,"(30.265217000000003, -97.743373)"
Erin  Curtis,Pedestrian Geometries #11,"Elgin-Butler Glazed Brick, Mortar, Grout",01/01/2013 12:00:00 AM,Third Street Streetscape,301 Brazos St,Austin,TX,78702,30.265220000000003,-97.743363,http://www.publicartarchive.org/work/pedestrian-geometries,"(30.265220000000003, -97.743363)"
Erin  Curtis,Pedestrian Geometries #12,"Elgin-Butler Glazed Brick, Mortar, Grout",01/01/2013 12:00:00 AM,Third Street Streetscape,301 Brazos St,Austin,TX,78702,30.265835000000003,-97.74604000000001,http://www.publicartarchive.org/work/pedestrian-geometries,"(30.265835000000003, -97.74604000000001)"
Erin  Curtis,Pedestrian Geometries #16,"Elgin-Butler Glazed Brick, Mortar, Grout",01/01/2013 12:00:00 AM,Third Street Streetscape,301 Brazos St,Austin,TX,78702,30.265831000000002,-97.74602900000001,http://www.publicartarchive.org/work/pedestrian-geometries,"(30.265831000000002, -97.74602900000001)"
Erin  Curtis,Pedestrian Geometries #17,"Elgin-Butler Glazed Brick, Mortar, Grout",01/01/2013 12:00:00 AM,Third Street Streetscape,301 Brazos St,Austin,TX,78702,30.265418000000004,-97.744613,http://www.publicartarchive.org/work/pedestrian-geometries,"(30.265418000000004, -97.744613)"
Erin  Curtis,Pedestrian Geometries #18,"Elgin-Butler Glazed Brick, Mortar, Grout",01/01/2013 12:00:00 AM,Third Street Streetscape,301 Brazos St,Austin,TX,78702,30.264310000000002,-97.74074900000001,http://www.publicartarchive.org/work/pedestrian-geometries,"(30.264310000000002, -97.74074900000001)"
Erin  Curtis,Pedestrian Geometries #18B,"Elgin-Butler Glazed Brick, Mortar, Grout",01/01/2013 12:00:00 AM,Third Street Streetscape,301 Brazos St,Austin,TX,78702,30.266496000000004,-97.748009,http://www.publicartarchive.org/work/pedestrian-geometries,"(30.266496000000004, -97.748009)"
Erin  Curtis,Pedestrian Geometries #19,"Elgin-Butler Glazed Brick, Mortar, Grout",01/01/2013 12:00:00 AM,Third Street Streetscape,301 Brazos St,Austin,TX,78702,30.266722,-97.74924800000001,http://www.publicartarchive.org/work/pedestrian-geometries,"(30.266722, -97.74924800000001)"
Erin  Curtis,Pedestrian Geometries #1B,"Elgin-Butler Glazed Brick, Mortar, Grout",01/01/2013 12:00:00 AM,Third Street Streetscape,301 Brazos St,Austin,TX,78702,30.264750000000003,-97.741718,http://www.publicartarchive.org/work/pedestrian-geometries,"(30.264750000000003, -97.741718)"
Erin  Curtis,Pedestrian Geometries #2,"Elgin-Butler Glazed Brick, Mortar, Grout",01/01/2013 12:00:00 AM,Third Street Streetscape,301 Brazos St,Austin,TX,78702,30.26544,-97.744665,http://www.publicartarchive.org/work/pedestrian-geometries,"(30.26544, -97.744665)"
Erin  Curtis,Pedestrian Geometries #20,"Elgin-Butler Glazed Brick, Mortar, Grout",01/01/2013 12:00:00 AM,Third Street Streetscape,301 Brazos St,Austin,TX,78702,30.266128000000002,-97.747091,http://www.publicartarchive.org/work/pedestrian-geometries,"(30.266128000000002, -97.747091)"
Erin  Curtis,Pedestrian Geometries #21,"Elgin-Butler Glazed Brick, Mortar, Grout",01/01/2013 12:00:00 AM,Third Street Streetscape,301 Brazos St,Austin,TX,78702,30.266099000000004,-97.746556,http://www.publicartarchive.org/work/pedestrian-geometries,"(30.266099000000004, -97.746556)"
Erin  Curtis,Pedestrian Geometries #22,"Elgin-Butler Glazed Brick, Mortar, Grout",01/01/2013 12:00:00 AM,Third Street Streetscape,301 Brazos St,Austin,TX,78702,30.263994000000004,-97.740759,http://www.publicartarchive.org/work/pedestrian-geometries,"(30.263994000000004, -97.740759)"
Erin  Curtis,Pedestrian Geometries #23,"Elgin-Butler Glazed Brick, Mortar, Grout",01/01/2013 12:00:00 AM,Third Street Streetscape,301 Brazos St,Austin,TX,78702,30.265593000000003,-97.744821,http://www.publicartarchive.org/work/pedestrian-geometries,"(30.265593000000003, -97.744821)"
Erin  Curtis,Pedestrian Geometries #24,"Elgin-Butler Glazed Brick, Mortar, Grout",01/01/2013 12:00:00 AM,Third Street Streetscape,301 Brazos St,Austin,TX,78702,30.265602,-97.744854,http://www.publicartarchive.org/work/pedestrian-geometries,"(30.265602, -97.744854)"
Erin  Curtis,Pedestrian Geometries #25,"Elgin-Butler Glazed Brick, Mortar, Grout",01/01/2013 12:00:00 AM,Third Street Streetscape,301 Brazos St,Austin,TX,78702,30.265596000000002,-97.744832,http://www.publicartarchive.org/work/pedestrian-geometries,"(30.265596000000002, -97.744832)"
Erin  Curtis,Pedestrian Geometries #26,"Elgin-Butler Glazed Brick, Mortar, Grout",01/01/2013 12:00:00 AM,Third Street Streetscape,301 Brazos St,Austin,TX,78702,30.265217000000003,-97.743357,http://www.publicartarchive.org/work/pedestrian-geometries,"(30.265217000000003, -97.743357)"
Erin  Curtis,Pedestrian Geometries #27,"Elgin-Butler Glazed Brick, Mortar, Grout",01/01/2013 12:00:00 AM,Third Street Streetscape,301 Brazos St,Austin,TX,78702,30.265834,-97.746035,http://www.publicartarchive.org/work/pedestrian-geometries,"(30.265834, -97.746035)"
Erin  Curtis,Pedestrian Geometries #29,"Elgin-Butler Glazed Brick, Mortar, Grout",01/01/2013 12:00:00 AM,Third Street Streetscape,301 Brazos St,Austin,TX,78702,30.264753000000002,-97.742299,http://www.publicartarchive.org/work/pedestrian-geometries,"(30.264753000000002, -97.742299)"
Erin  Curtis,Pedestrian Geometries #3,"Elgin-Butler Glazed Brick, Mortar, Grout",01/01/2013 12:00:00 AM,Third Street Streetscape,301 Brazos St,Austin,TX,78702,30.265657000000004,-97.745456,http://www.publicartarchive.org/work/pedestrian-geometries,"(30.265657000000004, -97.745456)"
Erin  Curtis,Pedestrian Geometries #30,"Elgin-Butler Glazed Brick, Mortar, Grout",01/01/2013 12:00:00 AM,Third Street Streetscape,301 Brazos St,Austin,TX,78702,30.266387,-97.74749800000001,http://www.publicartarchive.org/work/pedestrian-geometries,"(30.266387, -97.74749800000001)"
Erin  Curtis,Pedestrian Geometries #4,"Elgin-Butler Glazed Brick, Mortar, Grout",01/01/2013 12:00:00 AM,Third Street Streetscape,301 Brazos St,Austin,TX,78702,30.264884000000002,-97.742125,http://www.publicartarchive.org/work/pedestrian-geometries,"(30.264884000000002, -97.742125)"
Erin  Curtis,Pedestrian Geometries #5,"Elgin-Butler Glazed Brick, Mortar, Grout",01/01/2013 12:00:00 AM,Third Street Streetscape,301 Brazos St,Austin,TX,78702,30.266714000000004,-97.748779,http://www.publicartarchive.org/work/pedestrian-geometries,"(30.266714000000004, -97.748779)"
Erin  Curtis,Pedestrian Geometries #9,"Elgin-Butler Glazed Brick, Mortar, Grout",01/01/2013 12:00:00 AM,Third Street Streetscape,301 Brazos St,Austin,TX,78702,30.265597000000003,-97.744844,http://www.publicartarchive.org/work/pedestrian-geometries,"(30.265597000000003, -97.744844)"
Katherine  Brimberry,Personal Effects III,Monoprint With Solarplate Etching,01/01/1994 12:00:00 AM,Learning and Research Center,2800 Spirit of Texas Dr,Austin,TX,78719,30.211600000000004,-97.66992,http://www.publicartarchive.org/work/personal-effects-iii,"(30.211600000000004, -97.66992)"
Jill  Bedgood,Phantom Ship,Cast Concrete Retaining Walls,01/01/1991 12:00:00 AM,Zilker Metropolitan Park,2100 Barton Springs Rd,Austin,TX,78746,30.264663000000002,-97.769253,http://www.publicartarchive.org/work/phantom-ship-0,"(30.264663000000002, -97.769253)"
Glenna  Goodacre,Philosophers' Rock,Bronze,01/01/1994 12:00:00 AM,Zilker Metropolitan Park,2131 William Barton Dr.,Austin,TX,78746,30.264214000000003,-97.77073800000001,http://www.publicartarchive.org/work/philosophers-rock,"(30.264214000000003, -97.77073800000001)"
Tracy  Sutton,Piece of My Heart,Acrylic Paint On Fiberglass,01/01/2006 12:00:00 AM,Austin Bergstrom International Airport,3600 Presidential Blvd,Austin,TX,78719,30.202080000000002,-97.66698000000001,http://www.publicartarchive.org/work/gibson-guitars,"(30.202080000000002, -97.66698000000001)"
Arlene  Polite,Play,Woodcut,01/01/1995 12:00:00 AM,Learning and Research Center,2800 Spirit of Texas Dr,Austin,TX,78719,30.211600000000004,-97.66992,http://www.publicartarchive.org/work/play-arlene-polite,"(30.211600000000004, -97.66992)"
Dale  Whistler,Playmates,Painted Aluminum,01/01/1999 12:00:00 AM,Town Lake Animal Center,1156 W Cesar Chavez St,Austin,TX,78703,30.267953470000002,-97.75831654000001,http://www.publicartarchive.org/work/playmates,"(30.267953470000002, -97.75831654000001)"
"Amy Bunker,  Travis Seeger,  Foster Talge",Pods,"Stainless And Mild Steel, Cedar, Decomposed Granite Landscaping",01/01/2016 12:00:00 AM,Montopolis Neighborhood Center,1416 Montopolis Dr,Austin,TX,78741,30.229111000000003,-97.701099,,"(30.229111000000003, -97.701099)"
Kathy  Marcus,Por Vida,Mixed Media On Fiberglass,01/01/2009 12:00:00 AM,Austin Bergstrom International Airport,3600 Presidential Blvd,Austin,TX,78719,30.202080000000002,-97.66698000000001,http://www.publicartarchive.org/work/gibson-guitars,"(30.202080000000002, -97.66698000000001)"
NADAAA,Power Picket,"Precast Pigmented Concrete, Perforated Metal Panels",01/01/2016 12:00:00 AM,Seaholm Substation Wall,Seaholm Substation Wall,Austin,TX,78701,30.26741,-97.751643,,"(30.26741, -97.751643)"
Hawkeye  Glenn,Prayer Wheel,"Granite, Limestone, Steel, Porcelain Enamel",01/01/2014 12:00:00 AM,Barton Springs Pool,2201 Barton Springs Rd,Austin,TX,78746,30.264224000000002,-97.77126100000001,http://www.publicartarchive.org/work/prayer-wheel,"(30.264224000000002, -97.77126100000001)"
Nan  Standish Blake,Pride,Giclée Print On Fujicolor Crystal Archive Paper,01/01/2003 12:00:00 AM,Health and Human Services Betty Dunkerley Campus,7201 Levander Loop,Austin,TX,78702,30.253828000000002,-97.689018,http://www.publicartarchive.org/work/pride,"(30.253828000000002, -97.689018)"
Arlene  Polite,Printing,Woodcut,01/01/1996 12:00:00 AM,Learning and Research Center,2800 Spirit of Texas Dr,Austin,TX,78719,30.211600000000004,-97.66992,http://www.publicartarchive.org/work/printing,"(30.211600000000004, -97.66992)"
Maggie  Desanto,Procession for Our Lady of Guadalupe,"Glazed Ceramic Tile, Cement Board",01/01/2011 12:00:00 AM,E. Seventh Street Obelisco at Robert Martinez,E 7th and Robert Martinez,Austin,TX,78702,30.261583,-97.718018,http://www.publicartarchive.org/work/procession-our-lady-guadalupe-procesi%,"(30.261583, -97.718018)"
Nell  Gould,Q (not a quince),A La Poupée Etching With Chine-collé,01/01/1997 12:00:00 AM,Learning and Research Center,2800 Spirit of Texas Dr,Austin,TX,78719,30.211600000000004,-97.66992,http://www.publicartarchive.org/work/q-not-quince,"(30.211600000000004, -97.66992)"
Damian  Priour,Question Mark,Stained Glass,01/01/1979 12:00:00 AM,Faulk Central Library,800 Guadalupe St,Austin,TX,78701,30.271145000000004,-97.74568500000001,http://www.publicartarchive.org/work/question-mark,"(30.271145000000004, -97.74568500000001)"
Alfredo (Skam)  Martinez,The Children are the Future,Acrylic Paint,01/01/1991 12:00:00 AM,Holly Street Power Plant,2400 Holly St,Austin,TX,78702,30.251037000000004,-97.721191,,"(30.251037000000004, -97.721191)"
"Connie  Arismendi,  Laura  Garanzuay","Rayo de Esperanza / A Beacon of Hope: Cesar E. Chavez Memorial Sculpture, Community Kiosk, Benches","Aqua Jet Cut Aluminum, Steel, Three Celebratory Lighting Programs",01/01/2009 12:00:00 AM,Terrazas Branch Library,1105 E Cesar Chavez St,Austin,TX,78702,30.260183,-97.733761,http://www.publicartarchive.org/work/rayo-de-esperanzaa-beacon-hope-cesar-e,"(30.260183, -97.733761)"
Ambray  Gonzales,Reach for Your Dreams,"Carved Limestone, Slate Tiles, River Rocks",01/01/2002 12:00:00 AM,Montopolis Sportsplex,800 Grove Blvd,Austin,TX,78741,30.243350000000003,-97.701451,http://www.publicartarchive.org/work/reach-your-dreams-0,"(30.243350000000003, -97.701451)"
Kathleen  Ash,Read More Books,"Laminated Decorative Glass, Kiln-fired Paint, Cables",01/01/2009 12:00:00 AM,North Village Branch Library,2505 Steck Ave,Austin,TX,78757,30.362136,-97.730265,http://www.publicartarchive.org/work/read-more-books,"(30.362136, -97.730265)"
Paul  Bond,Reading Between the Lions,Bronze,01/01/2000 12:00:00 AM,Windsor Park Branch Library,5833 Westminster Dr,Austin,TX,78723,30.311649,-97.69021900000001,http://www.publicartarchive.org/work/reading-between-lions,"(30.311649, -97.69021900000001)"
Jill  Bedgood,Reality * Texas * Mythology,"Etched Glass, Etched Metal Medallions",01/01/1999 12:00:00 AM,Austin Bergstrom International Airport,3600 Presidential Blvd,Austin,TX,78719,30.202077000000003,-97.66788700000001,http://www.publicartarchive.org/work/reality-texas-mythology,"(30.202077000000003, -97.66788700000001)"
Pio  Pulido,Rebekah Baines Johnson Health Center Mural,Acrylic Paint,01/01/1999 12:00:00 AM,Rebekah Baines Johnson Health Center,15 Waller St,Austin,TX,78701,30.253439000000004,-97.733152,,"(30.253439000000004, -97.733152)"
Virginia  Fleck,Reflect and Resound,"Aluminum, Steel, Paint",01/01/2017 12:00:00 AM,Austin Shelter for Women and Children,4523 Tannehill Lane,Austin,TX,78721,30.28318,-97.66878700000001,,"(30.28318, -97.66878700000001)"
Reginald  Adams,Reflections,Mosaic Mural Made With Glass And Ceramic Tiles,01/01/2012 12:00:00 AM,African American Cultural and Heritage Facility,912 E 11th St,Austin,TX,78702,30.270069000000003,-97.73087600000001,http://www.publicartarchive.org/work/reflections-2,"(30.270069000000003, -97.73087600000001)"
Ryah  Christensen,Reflections on the Brazos,"Glass, Stone",01/01/2015 12:00:00 AM,Second Street District,W Second St,Austin,TX,78701,30.264026,-97.74293,,"(30.264026, -97.74293)"
Cliff  Garten,Rhytons,"Bronze, Sound Components",01/01/2012 12:00:00 AM,Zachary Scott Theatre,202 S Lamar Blvd.,Austin,TX,78704,30.264350000000004,-97.758013,http://www.publicartarchive.org/work/rhytons,"(30.264350000000004, -97.758013)"
John  Yancey,Riffs and Rhythms,Broken Tile Mosaic,01/01/1996 12:00:00 AM,Austin Convention Center,500 E Cesar Chavez St,Austin,TX,78701,30.263956000000004,-97.740646,http://www.publicartarchive.org/work/riffs-and-rhythms,"(30.263956000000004, -97.740646)"
Mary  Albrecht,Rosemary: Goddess of the Herb Garden,Ferro Concrete,01/01/2000 12:00:00 AM,Zilker Botanical Gardens,2220 Barton Springs Rd,Austin,TX,78746,30.268930000000005,-97.7729,http://www.publicartarchive.org/work/rosemary-goddess-herb-garden-0,"(30.268930000000005, -97.7729)"
Jill  Bedgood,Rowing Shell,"Back-painted Glass, Aluminum Frame",01/01/2012 12:00:00 AM,Waller Creek Boathouse,74 Trinity St,Austin,TX,78701,30.260647000000002,-97.741732,http://www.publicartarchive.org/work/rowing-shell,"(30.260647000000002, -97.741732)"
Nan  Standish Blake,Safe,Giclée Print On Fujicolor Crystal Archive Paper,01/01/2003 12:00:00 AM,Health and Human Services Betty Dunkerley Campus,7201 Levander Loop,Austin,TX,78702,30.253828000000002,-97.689018,http://www.publicartarchive.org/work/safe,"(30.253828000000002, -97.689018)"
Leticia Huerta,San Antonio River,Terrazzo Tile,01/01/2017 12:00:00 AM,Second Street District,500 W 2nd St,Austin,TX,78701,30.263583000000004,-97.74136800000001,,"(30.263583000000004, -97.74136800000001)"
T. Paul  Hernandez,Sanctuary of the Tribal Alligator,Concrete,01/01/1988 12:00:00 AM,Hill Elementary School,8601 Tallwood Dr,Austin,TX,78759,30.376447000000002,-97.74857,http://www.publicartarchive.org/work/sanctuary-tribal-alligator,"(30.376447000000002, -97.74857)"
Martha  Mcashan Guerin,Sandcastles,Bronze,01/01/1989 12:00:00 AM,Brackenridge Children's Hospital,,Austin,TX,78701,,,,
Phillip  Wade,Schnauzer at the Door,Oil On Canvas,01/01/1992 12:00:00 AM,Texas Cancer Center at Brackenridge Hospital,,Austin,TX,78701,,,,
Kathleen  Ash,Sea of Knowledge,"Laminated Decorative Glass, Kiln-fired Paint",01/01/2009 12:00:00 AM,North Village Branch Library,2505 Steck Ave,Austin,TX,78757,30.362139,-97.730643,http://www.publicartarchive.org/work/sea-knowledge-0,"(30.362139, -97.730643)"
Lawrence  Jolly,Sedona Lake,Oil On Canvas,01/01/2014 12:00:00 AM,City Hall and Public Plaza,301 W Second St,Austin,TX,78701,30.264900000000004,-97.74686,,"(30.264900000000004, -97.74686)"
Nobuho  Nagasawa,Seeding Time,"Stones, Limestone, MeeFog Humidification System, Lights, Oak Tree",01/01/2004 12:00:00 AM,City Hall and Public Plaza,301 W Second St,Austin,TX,78701,30.264554000000004,-97.747765,http://www.publicartarchive.org/work/seeding-time,"(30.264554000000004, -97.747765)"
Jerald Don Evans,She is Alive!,"Bronze, Granite",01/01/2011 12:00:00 AM,George Washington Carver Museum and Cultural Center,1165 Angelina St,Austin,TX,78702,30.269979000000003,-97.72401500000001,http://www.publicartarchive.org/work/she-alive,"(30.269979000000003, -97.72401500000001)"
Eric  Eley,Shock Egg and Checker Burst,"Stainless Steel, Silicon Bronze",01/01/2015 12:00:00 AM,Austin Bergstrom International Airport,3600 Presidential Blvd,Austin,TX,78719,30.211885000000002,-97.666847,,"(30.211885000000002, -97.666847)"
Shelley  Wood,Shoestring,Selenium-toned Silver Gelatin Print,01/01/2003 12:00:00 AM,Health and Human Services Betty Dunkerley Campus,7201 Levander Loop,Austin,TX,78702,30.253828000000002,-97.689018,http://www.publicartarchive.org/work/shoestring,"(30.253828000000002, -97.689018)"
Armando (Tanner)  Martinez,Sign of the Times,Acrylic Paint,01/01/1991 12:00:00 AM,Holly Street Power Plant,2400 Holly St,Austin,TX,78702,30.251200000000004,-97.71962,,"(30.251200000000004, -97.71962)"
Peter  Mangan,Sky Gates,"Copper, Brass, Steel, Glass",01/01/2000 12:00:00 AM,EMS Station 14,7200 Berkman Dr,Austin,TX,78752,30.325264,-97.689283,http://www.publicartarchive.org/work/sky-gates,"(30.325264, -97.689283)"
T. Paul  Hernandez,Snake Culvert,Cast Concrete,01/01/1990 12:00:00 AM,Central Access Television Facility,1143 Northwestern Ave,Austin,TX,78702,30.269439000000002,-97.715215,http://www.publicartarchive.org/work/snake-culvert,"(30.269439000000002, -97.715215)"
Benito  Huerta,Snake Path,Brick Pavers,01/01/2007 12:00:00 AM,Emma S. Barrientos Mexican American Cultural Center,600 River St,Austin,TX,78701,30.258163000000003,-97.740239,http://www.publicartarchive.org/work/snake-path-0,"(30.258163000000003, -97.740239)"
Judd Graham,Spin,Mild Steel,01/01/2017 12:00:00 AM,Second Street Bridge and Extension,W 2nd Street Extension,Austin,TX,78701,30.266177000000003,-97.751203,,"(30.266177000000003, -97.751203)"
David  Newton,Spirit of Hope,Bronze,01/01/2000 12:00:00 AM,Millennium Youth Entertainment Complex,1156 Hargrave St,Austin,TX,78702,30.271834000000002,-97.710959,http://www.publicartarchive.org/work/spirit-hope,"(30.271834000000002, -97.710959)"
James  Tisdale,Squirrley,Terracotta,01/01/2008 12:00:00 AM,City Hall and Public Plaza,301 W Second St,Austin,TX,78701,30.265000000000004,-97.74651,,"(30.265000000000004, -97.74651)"
Rachel Wolfson Smith,Station 5,graphite on paper,01/01/2017 12:00:00 AM,Fire Station 5,1201 Webberville Rd,Austin,TX,78721,30.278546,-97.68418,,"(30.278546, -97.68418)"
Rachel Wolfson Smith,Station 7,graphite on paper,01/01/2017 12:00:00 AM,Fire Station 7,201 Chicon St,Austin,TX,78702,30.258382,-97.724006,,"(30.258382, -97.724006)"
Rachel Wolfson Smith,Station 22,enamel paint on aluminum,01/01/2017 12:00:00 AM,Fire Station 22,5309 E Riverside Dr,Austin,TX,78741,30.229501,-97.713222,,"(30.229501, -97.713222)"
Ann  Armstrong,Stem Rack,Mild Steel,01/01/2012 12:00:00 AM,Congress Avenue Streetscape,107 E 2nd St,Austin,TX,78701,30.264101000000004,-97.743671,http://www.publicartarchive.org/work/stem-rack,"(30.264101000000004, -97.743671)"
Ralph  Helmick,Stevie Ray Vaughan,Bronze,01/01/1994 12:00:00 AM,Vic Mathias Shores,800 W Riverside Dr,Austin,TX,78704,30.263113000000004,-97.750675,http://www.publicartarchive.org/work/stevie-ray-vaughan,"(30.263113000000004, -97.750675)"
Margie  Crisp,Swallow Suite,Linocut,01/01/1996 12:00:00 AM,Learning and Research Center,2800 Spirit of Texas Dr,Austin,TX,78719,30.211600000000004,-97.66992,http://www.publicartarchive.org/work/swallow-suite,"(30.211600000000004, -97.66992)"
Damian  Priour,Symbol Bowl,"Limestone, Glass",01/01/2004 12:00:00 AM,Cultural Arts Division Offices,201 E 2nd St,Austin,TX,78701,30.263610000000003,-97.74299,,"(30.263610000000003, -97.74299)"
Jill  Bedgood,Texas Botanicals,Oil On Canvas,01/01/1998 12:00:00 AM,Austin Convention Center,500 E Cesar Chavez St,Austin,TX,78701,30.264007000000003,-97.74022500000001,http://www.publicartarchive.org/work/texas-botanicals,"(30.264007000000003, -97.74022500000001)"
Ansen  Seale,Texas Slam: Portrait of Morris Williams Jr.,"Acrylic Paint On Acrylic Panels, Set In A Wood Frame With Tempered Glass",01/01/2013 12:00:00 AM,Morris Williams Golf Course,4300 Manor Rd,Austin,TX,78723,30.289673000000004,-97.690932,http://www.publicartarchive.org/work/texas-slam-portrait-morris-williams-jr,"(30.289673000000004, -97.690932)"
Kelly  Fearing,The Collector Revisited,Photogravure,01/01/1997 12:00:00 AM,Learning and Research Center,2800 Spirit of Texas Dr,Austin,TX,78719,30.211600000000004,-97.66992,http://www.publicartarchive.org/work/collector-revisited,"(30.211600000000004, -97.66992)"
"Beverly  Penn,  Steve  Wiman",The Community Core Sample Project & The Threshold Project,"Mixed Media, Found Objects, Photographs",01/01/2002 12:00:00 AM,St. John's Community Center,7500 Blessing Ave,Austin,TX,78752,30.332823,-97.693701,http://www.publicartarchive.org/work/community-core-sample-project,"(30.332823, -97.693701)"
Jorge  Pardo,The Courtyard,Hand-painted Ceramic Tile Mural,01/01/1988 12:00:00 AM,Conley-Guerrero Senior Activity Center,808 Nile St,Austin,TX,78702,30.265621000000003,-97.711117,http://www.publicartarchive.org/work/courtyard,"(30.265621000000003, -97.711117)"
Terese M. St. Arnauld,The Cyclist,Silver Gelatin Print,01/01/1999 12:00:00 AM,Health and Human Services Betty Dunkerley Campus,7201 Levander Loop,Austin,TX,78702,30.253828000000002,-97.689018,http://www.publicartarchive.org/work/cyclist,"(30.253828000000002, -97.689018)"
Alonso  Rey-Sanchez,The Family / La Familia,Mineral Paint On Cement Board,01/01/2011 12:00:00 AM,E. Seventh Street Obelisco at Pedernales,E 7th and Pedernales,Austin,TX,78702,30.260907000000003,-97.713733,http://www.publicartarchive.org/work/family-la-familia,"(30.260907000000003, -97.713733)"
"Roger  Colombik,  Jerolyn  Bahm-Colombik",The Island,"Limestone, Stainless Steel, Bronze, Ceramic Tiles, Native Landscaping, Resin, Powder Coating.",01/01/2003 12:00:00 AM,"Combined Transportation, Emergency & Communication Center (CTECC)",5010 Old Manor Rd,Austin,TX,78723,30.29876,-97.69110500000001,http://www.publicartarchive.org/work/island,"(30.29876, -97.69110500000001)"
Jill  Bedgood,The Life of Waller Creek and Lady Bird Lake,"Back-painted And Etched Glass Tiles, Wooden Tiles",01/01/2012 12:00:00 AM,Waller Creek Boathouse,74 Trinity St,Austin,TX,78701,30.260650000000002,-97.741872,http://www.publicartarchive.org/work/life-waller-creek-and-lady-bird-lake,"(30.260650000000002, -97.741872)"
Geoffrey  Graham,The Prophesy of Peace,Serigraph,01/01/1986 12:00:00 AM,City Hall and Public Plaza,301 W Second St,Austin,TX,78701,30.264920000000004,-97.74714,http://www.publicartarchive.org/work/prophecy-peace,"(30.264920000000004, -97.74714)"
"Margaret Heffernan, Michael  Heffernan,  Faith  Schexnayder,  Sara  Twaddle",The Reading Chair,"Ceramic And Glass Tiles, Concrete Masonry Unit",01/01/2011 12:00:00 AM,McBeth Recreation Center,2401 Columbus Dr,Austin,TX,78746,30.266724000000004,-97.778372,http://www.publicartarchive.org/work/reading-chair,"(30.266724000000004, -97.778372)"
Aly  Winningham,The Roots/ Las raices,Glass And Metal On Cement Board,01/01/2011 12:00:00 AM,E. Seventh Street Obelisco at Chicon,E 7th and Chicon,Austin,TX,78702,30.262560000000004,-97.72213,http://www.publicartarchive.org/work/roots-las-raices,"(30.262560000000004, -97.72213)"
John  Christensen,The Source,"Bronze, Granite, Concrete",01/01/1994 12:00:00 AM,Waller Creek Center,625 E Tenth St,Austin,TX,78701,30.269775000000003,-97.734988,http://www.publicartarchive.org/work/source-3,"(30.269775000000003, -97.734988)"
Doug  Brown,The Unsung,Acrylic Paint,01/01/2001 12:00:00 AM,Kenneth Gardner Service Center,4108 Todd Ln,Austin,TX,78744,30.211902000000002,-97.737986,http://www.publicartarchive.org/work/unsung,"(30.211902000000002, -97.737986)"
Fidencio  Duran,The Visit,9 Acrylic On Canvas Panels,01/01/1999 12:00:00 AM,Austin Bergstrom International Airport,3600 Presidential Blvd,Austin,TX,78719,30.202400000000004,-97.66791,http://www.publicartarchive.org/work/visit,"(30.202400000000004, -97.66791)"
Benge  Elliott,Three Sheep,Steel,01/01/2003 12:00:00 AM,City Hall and Public Plaza,301 W Second St,Austin,TX,78701,30.264660000000003,-97.7475,,"(30.264660000000003, -97.7475)"
Mikyoung  Kim,Time Lines,Digital Prints On Acrylic 20 LPI Lenticular Lens Mounted On Dibond Backing,01/01/2014 12:00:00 AM,Austin Bergstrom International Airport,3600 Presidential Blvd,Austin,TX,78719,30.202211000000002,-97.66590400000001,http://www.publicartarchive.org/work/time-lines,"(30.202211000000002, -97.66590400000001)"
Sandra  Fiedorek,To Parts Unknown,Tarmac Paint And Glass Beads On Wood Panels,01/01/1999 12:00:00 AM,Austin Bergstrom International Airport,3600 Presidential Blvd,Austin,TX,78719,30.202080000000002,-97.66698000000001,http://www.publicartarchive.org/work/parts-unknown,"(30.202080000000002, -97.66698000000001)"
Connie  Arismendi,Trail of Tejano Legends: !Estamos en Tejas!,Aluminum,01/01/2008 12:00:00 AM,Butler Hike and Bike Trail at Lady Bird Lake,2711 Canterbury St,Austin,TX,78702,30.251227000000004,-97.71421600000001,http://www.publicartarchive.org/work/estamos-en-tejas,"(30.251227000000004, -97.71421600000001)"
Connie  Arismendi,Trail of Tejano Legends: Tenderly,Aluminum,01/01/2008 12:00:00 AM,Butler Hike and Bike Trail at Lady Bird Lake,1621 Nash Hernandez Sr Rd,Austin,TX,78702,30.249331,-97.73015000000001,http://www.publicartarchive.org/work/tenderly,"(30.249331, -97.73015000000001)"
Connie  Arismendi,Trail of Tejano Legends: Una Cancion de Fe y Familia,Aluminum,01/01/2008 12:00:00 AM,Emma S. Barrientos Mexican American Cultural Center,600 River St,Austin,TX,78701,30.258003000000002,-97.740848,http://www.publicartarchive.org/work/una-canci%C3%B3n-de-fe-y-familia,"(30.258003000000002, -97.740848)"
James  Talbot,Transition,"Ceramic, Stone, Colored Mirror, Glass",01/01/2006 12:00:00 AM,Austin Bergstrom International Airport,3600 Presidential Blvd,Austin,TX,78719,30.203020000000002,-97.66738000000001,http://www.publicartarchive.org/work/transition-1,"(30.203020000000002, -97.66738000000001)"
Bill  Wiman,Transitions,Oil On Canvas,01/01/1990 12:00:00 AM,Medic 3 Quarters,600 River St,Austin,TX,78701,,,,
Jimmy  Jalapeeno,Tree on Barton Creek,Oil On Canvas,01/01/1993 12:00:00 AM,Cultural Arts Division Offices,201 E 2nd St,Austin,TX,78701,30.26404,-97.7424,http://www.publicartarchive.org/work/tree-barton-creek,"(30.26404, -97.7424)"
Lars  Stanley,Tribute to Gus Garcia,Forged Steel And Stone Desk Surround,01/01/2008 12:00:00 AM,Gus Garcia Recreation Center,1201 E Rundberg Ln,Austin,TX,78753,30.352593000000002,-97.682049,http://www.publicartarchive.org/work/tribute-gus-garcia,"(30.352593000000002, -97.682049)"
Chris  Levack,Trilobite Shade,"Rolled Angle Iron, Straight T-iron Members, Ipe Wood Louvers, An ACQ-treated Lumber Nailer System, And A Black Stained Ipe Wedge Network.",01/01/2011 12:00:00 AM,Heath Eiland and Morgan Moss BMX Skate Park,1213 Shoal Creek Blvd,Austin,TX,78701,30.277087,-97.74971000000001,http://www.publicartarchive.org/work/trilobite-shade,"(30.277087, -97.74971000000001)"
Bruce  Wolfe,True Patriot: Barbara Jordan Memorial Statue,Bronze,01/01/2002 12:00:00 AM,Austin Bergstrom International Airport,3600 Presidential Blvd,Austin,TX,78719,30.202170000000002,-97.66702000000001,http://www.publicartarchive.org/work/barbara-jordan-true-patriot,"(30.202170000000002, -97.66702000000001)"
John  Christensen,Turtle Plaza/Plaza de las Tortugas,Concrete,01/01/2012 12:00:00 AM,Roy G. Guerrero Colorado River Park,400 Grove Blvd,Austin,TX,78741,30.243525,-97.701373,http://www.publicartarchive.org/work/turtle-plaza-plaza-de-las-tortugas,"(30.243525, -97.701373)"
Garth  Edwards,Untitled,Lead Stained Glass Window,01/01/1988 12:00:00 AM,Conley-Guerrero Senior Activity Center,808 Nile St,Austin,TX,78702,30.265669000000003,-97.711056,http://www.publicartarchive.org/work/untitled-window,"(30.265669000000003, -97.711056)"
Malou  Flato,Untitled,Painted Ceramic Tile Mural,01/01/1993 12:00:00 AM,Waller Creek Center,625 E Tenth St,Austin,TX,78701,30.26976,-97.734562,http://www.publicartarchive.org/work/untitled-water-scene,"(30.26976, -97.734562)"
David  Ellis,Untitled,"Cor-ten Steel, Limestone, Wood",01/01/1980 12:00:00 AM,Dougherty Arts Center,1110 Barton Springs Rd,Austin,TX,78704,30.260643,-97.755996,http://www.publicartarchive.org/work/untitled-53,"(30.260643, -97.755996)"
Damian  Priour,Untitled,Lead Stained Glass Window,01/01/1980 12:00:00 AM,Brackenridge Hospital,,,,,,,,
Arlene  Polite,Untitled,Acrylic Paint,01/01/1992 12:00:00 AM,Holly Street Power Plant,2400 Holly St,Austin,TX,78702,30.251328000000004,-97.720279,,"(30.251328000000004, -97.720279)"
Paul  Siebenaler,Untitled (Chris Kern Memorial),Granite Bench With Inscription And Surrounding Masonry,01/01/1992 12:00:00 AM,Butler Hike and Bike Trail at Lady Bird Lake,200 S Lamar Blvd,Austin,TX,78704,30.265044000000003,-97.757176,http://www.publicartarchive.org/work/untitled-chris-kern-memorial,"(30.265044000000003, -97.757176)"
Stephen  Ray,Untitled (Gargoyles),"Fiberglass, Clay",01/01/1990 12:00:00 AM,Zachary Scott Theatre,1510 Toomey Rd,Austin,TX,78704,30.26403,-97.758689,http://www.publicartarchive.org/work/untitled-theatrical-gargoyles,"(30.26403, -97.758689)"
David  Santos,Untitled (Guerilla Carvings),Limestone Carvings,01/01/1983 12:00:00 AM,Waller Creek Walkway,500 E Cesar Chavez St,Austin,TX,78701,30.263910000000003,-97.739515,,"(30.263910000000003, -97.739515)"
Deborah  Mersky,Untitled {Utility Box Cover 1),Cut Aluminum Panels,01/01/2009 12:00:00 AM,Cesar Chavez Streetscape,Cesar Chavez at S First St,Austin,TX,78701,30.263903000000003,-97.746876,,"(30.263903000000003, -97.746876)"
Deborah  Mersky,Untitled {Utility Box Cover 2),Cut Aluminum Panels,01/01/2009 12:00:00 AM,Cesar Chavez Streetscape,Cesar Chavez at S First St,Austin,TX,78701,30.264208000000004,-97.74813400000001,,"(30.264208000000004, -97.74813400000001)"
Michael Singer Studio,Uplifted Ground,"Cast Concrete, Steel Cable, Granite, Stainless Steel, Copper, LED Lighting",01/01/2015 12:00:00 AM,Austin Bergstrom International Airport,3600 Presidential Blvd,Austin,TX,78719,30.204077,-97.66713700000001,http://www.publicartarchive.org/work/uplifted-ground,"(30.204077, -97.66713700000001)"
Margarita  Cabrera,Uprooted Dreams,Acrylic On Found Wood Pieces,01/01/2012 12:00:00 AM,Emma S. Barrientos Mexican American Cultural Center,600 River St,Austin,TX,78701,30.258154,-97.740004,http://www.publicartarchive.org/work/uprooted-dreams,"(30.258154, -97.740004)"
Sun  McColgin,Urban / Canyon,"Stainless Steel, Stained Concrete, Glass",01/01/2011 12:00:00 AM,Second Street District,W Second St,Austin,TX,78701,30.264774000000003,-97.745592,http://www.publicartarchive.org/work/urban-canyon,"(30.264774000000003, -97.745592)"
Shawn  Smith,Vicious Venue,"Painted Balsa Wood, Found Objects (phone, Film Canisters, Film Rolls)",01/01/2008 12:00:00 AM,City Hall and Public Plaza,301 W Second St,Austin,TX,78701,30.26479,-97.74664,,"(30.26479, -97.74664)"
Martha  Gannon,View from the Mayor's Window,"Metallic Prints, Stainless Steel, Plexiglas",01/01/2005 12:00:00 AM,City Hall and Public Plaza,301 W Second St,Austin,TX,78701,30.264960000000002,-97.74719,,"(30.264960000000002, -97.74719)"
Doug  Jacques,Vision,Acrylic On Canvas,01/01/1994 12:00:00 AM,City Municipal Building,124 W 8th St,Austin,TX,78701,30.270468000000005,-97.742932,,"(30.270468000000005, -97.742932)"
John  Fisher,Voyage to Soulsville (Sesquicentennial Mural),Acrylic Paint,01/01/1986 12:00:00 AM,George Washington Carver Branch Library,1161 Angelina St,Austin,TX,78702,30.269540000000003,-97.724074,http://www.publicartarchive.org/work/voyage-soulsville-sesquicentennial-mur,"(30.269540000000003, -97.724074)"
Judy  Jensen,Voyages,6 Mixed Media Reverse Paintings On Glass,01/01/1999 12:00:00 AM,Austin Bergstrom International Airport,3600 Presidential Blvd,Austin,TX,78719,30.20229,-97.66799,http://www.publicartarchive.org/work/voyages,"(30.20229, -97.66799)"
Tre  Arenz,Wall of Hands,Handmade Ceramic Tiles,01/01/1994 12:00:00 AM,St. Elmo Service Center,4411 Meinardus Dr,Austin,TX,78744,30.211988,-97.751525,http://www.publicartarchive.org/work/wall-hands,"(30.211988, -97.751525)"
Damian  Priour,Waller Creek Shelves,Blown Glass Vessels With Found Object Sculptures On Carved Limestone And Glass Shelves.,01/01/1996 12:00:00 AM,Austin Convention Center,500 E Cesar Chavez St,Austin,TX,78701,30.262322000000005,-97.739818,http://www.publicartarchive.org/work/waller-creek-shelves,"(30.262322000000005, -97.739818)"
"Chris Gannon,  Brockett Davidson,  Chadwick Wood",Wander,"Interactive Digital Media, Painted Steel",01/01/2017 12:00:00 AM,Central Library,710 W Cesar Chavez St.,Austin,TX,78701,30.266295000000003,-97.751593,,"(30.266295000000003, -97.751593)"
Alan  Knox,Water Tower Bike Rack,Painted Steel,01/01/2014 12:00:00 AM,Westenfield Pool,2000 Enfield Rd,Austin,TX,78703,30.286894000000004,-97.76423100000001,http://www.publicartarchive.org/work/water-tower-bike-rack,"(30.286894000000004, -97.76423100000001)"
Bethany  Cobb,We Regret to Inform You,"Cotton Sateen, Netting, Cotton Thread, Dressmakers Dummy",01/01/2010 12:00:00 AM,City Hall and Public Plaza,301 W Second St,Austin,TX,78701,30.264820000000004,-97.74731,,"(30.264820000000004, -97.74731)"
Hank  Waddell,West Texas Beach Ball,Mesquite Wood,01/01/2004 12:00:00 AM,City Hall and Public Plaza,301 W Second St,Austin,TX,78701,30.264820000000004,-97.74731,,"(30.264820000000004, -97.74731)"
Claudia  Reese,Who  Lives Here? / Quien vive aqui?,Stoneware On Cement Board,01/01/2011 12:00:00 AM,E. Seventh Street Obelisco at Calles,E 7th and Calles,Austin,TX,78702,30.260586000000004,-97.711636,http://www.publicartarchive.org/work/who-lives-here-%C2%BFquien-vive-aqui,"(30.260586000000004, -97.711636)"
Clete  Shields,Willie Nelson,Bronze,01/01/2012 12:00:00 AM,Moody Theatre,310 W Second St,Austin,TX,78701,30.26536,-97.74729500000001,http://www.publicartarchive.org/work/willie-nelson,"(30.26536, -97.74729500000001)"
"George R. ""Bob""  Brooking",Willie Nunn,Bronze,01/01/1991 12:00:00 AM,PARD Main Offices,200 S Lamar Dr,Austin,TX,78704,30.265305,-97.760023,http://www.publicartarchive.org/work/willie-nunn,"(30.265305, -97.760023)"
Andrew  Ortiz,Worker,Archival Giclee Print,01/01/2000 12:00:00 AM,Health and Human Services Betty Dunkerley Campus,7201 Levander Loop,Austin,TX,78702,30.253828000000002,-97.689018,http://www.publicartarchive.org/work/worker,"(30.253828000000002, -97.689018)"
Belinda  Casey,X,Solarplate Etching,01/01/1997 12:00:00 AM,Learning and Research Center,2800 Spirit of Texas Dr,Austin,TX,78719,30.211600000000004,-97.66992,http://www.publicartarchive.org/work/x,"(30.211600000000004, -97.66992)"
James  Talbot,Your Essential Magnificence,"Ferro Cement, Ceramic Tile, Glass, Concrete, Found Objects",01/01/2011 12:00:00 AM,South Congress Avenue,2130 1/2 S Congress Ave.,Austin,TX,78704,30.241872000000004,-97.75273800000001,http://www.publicartarchive.org/work/your-essential-magnificence,"(30.241872000000004, -97.75273800000001)"
"Lars  Stanley,  Louis Jr  Herrera",Zilker Garden Main Entry Gate,Painted And Forged Mild Steel,01/01/1995 12:00:00 AM,Zilker Botanical Gardens,2220 Barton Springs Rd,Austin,TX,78746,30.268413000000002,-97.772358,http://www.publicartarchive.org/work/zilker-gardens-main-entry-gate,"(30.268413000000002, -97.772358)"